date,p.ERA5Land,p.CRUTS,e.ERA5Land,e.CRUTS
1901-01-01,,6.3250003,,13.696875
1901-02-01,,9.3625,,15.21875
1901-03-01,,43.25,,34.622658
1901-04-01,,43.6,,77.99609
1901-05-01,,14.8375,,132.02266
1901-06-01,,210.96251,,116.80391
1901-07-01,,115.2375,,133.54454
1901-08-01,,76.1875,,120.6086
1901-09-01,,47.649998,,77.23515
1901-10-01,,79.725006,,57.831253
1901-11-01,,9.8625,,23.969532
1901-12-01,,18.0125,,8.750782
1902-01-01,,8.15,,16.740625
1902-02-01,,15.225,,21.686718
1902-03-01,,33.862503,,46.41719
1902-04-01,,31.6875,,72.28906
1902-05-01,,121.375,,113.37969
1902-06-01,,88.125,,121.75
1902-07-01,,87.037506,,138.49063
1902-08-01,,96.825005,,107.67265
1902-09-01,,27.25,,75.33281
1902-10-01,,59.8875,,52.124218
1902-11-01,,28.450003,,22.828125
1902-12-01,,21.037498,,14.457812
1903-01-01,,19.6375,,12.175
1903-02-01,,12.450001,,19.023438
1903-03-01,,22.4375,,36.525
1903-04-01,,40.8875,,74.19141
1903-05-01,,81.875,,117.56484
1903-06-01,,28.1375,,134.30548
1903-07-01,,60.7625,,129.35938
1903-08-01,,122.8375,,93.975784
1903-09-01,,115.925,,74.19141
1903-10-01,,63.925003,,52.88516
1903-11-01,,18.787498,,17.88203
1903-12-01,,30.6875,,6.0875
1904-01-01,,8.125,,9.511719
1904-02-01,,29.7375,,12.175
1904-03-01,,50.25,,32.339844
1904-04-01,,41.7125,,54.7875
1904-05-01,,42.4,,108.43359
1904-06-01,,112.46251,,112.61875
1904-07-01,,81.600006,,123.27187
1904-08-01,,54.725,,109.575005
1904-09-01,,91.162506,,68.86485
1904-10-01,,50.475,,41.851562
1904-11-01,,4.45,,27.013283
1904-12-01,,18.15,,12.935938
1905-01-01,,10.3625,,10.653126
1905-02-01,,6.75,,15.21875
1905-03-01,,33.45,,37.285942
1905-04-01,,40.887497,,65.44063
1905-05-01,,120.125,,102.34609
1905-06-01,,147.40001,,111.09688
1905-07-01,,140.76251,,125.17422
1905-08-01,,101.825005,,114.901566
1905-09-01,,81.275,,89.41016
1905-10-01,,42.775,,42.99297
1905-11-01,,52.4375,,22.447657
1905-12-01,,5.3375006,,13.696875
1906-01-01,,27.5625,,15.979689
1906-02-01,,4.1875,,18.2625
1906-03-01,,15.1625,,23.969532
1906-04-01,,44.6125,,84.464066
1906-05-01,,108.137505,,104.24844
1906-06-01,,107.9375,,112.61875
1906-07-01,,63.15,,131.6422
1906-08-01,,100.1625,,115.6625
1906-09-01,,69.762505,,98.541405
1906-10-01,,38.5,,49.841408
1906-11-01,,67.8625,,18.2625
1906-12-01,,36.7125,,12.175
1907-01-01,,38.5875,,11.033594
1907-02-01,,8.3,,20.164843
1907-03-01,,21.2,,35.383595
1907-04-01,,27.087502,,52.88516
1907-05-01,,45.6875,,84.84453
1907-06-01,,103.725006,,129.73984
1907-07-01,,73.350006,,133.16406
1907-08-01,,86.5,,116.04297
1907-09-01,,80.1875,,74.57188
1907-10-01,,25.925,,54.026566
1907-11-01,,12.3,,23.208593
1907-12-01,,14.012501,,17.501564
1908-01-01,,6.0125,,19.023438
1908-02-01,,34.3125,,22.067188
1908-03-01,,30.925,,38.807816
1908-04-01,,31.587502,,89.41016
1908-05-01,,105.925,,106.91172
1908-06-01,,86.075,,115.6625
1908-07-01,,62.975,,145.71954
1908-08-01,,76.225,,114.521095
1908-09-01,,48.5625,,105.009384
1908-10-01,,33.075,,49.460938
1908-11-01,,27.8125,,25.110939
1908-12-01,,13.925001,,11.4140625
1909-01-01,,24.1125,,15.979689
1909-02-01,,11.8375,,19.403906
1909-03-01,,14.775001,,34.622658
1909-04-01,,27.0375,,51.74375
1909-05-01,,65.0875,,108.05312
1909-06-01,,67.925,,144.57812
1909-07-01,,129.26251,,136.20781
1909-08-01,,137.45001,,127.45703
1909-09-01,,62.925003,,91.3125
1909-10-01,,48.9,,49.460938
1909-11-01,,36.2125,,27.393751
1909-12-01,,35.2875,,6.467969
1910-01-01,,8.25,,16.740625
1910-02-01,,12.950001,,15.599218
1910-03-01,,20.5375,,68.864845
1910-04-01,,49.1375,,99.30234
1910-05-01,,28.7625,,113.760155
1910-06-01,,30.7,,163.98203
1910-07-01,,55.9,,148.76328
1910-08-01,,34.7125,,121.36953
1910-09-01,,68.1375,,89.029686
1910-10-01,,26.875,,69.245316
1910-11-01,,21.037498,,12.175
1910-12-01,,18.587502,,11.794531
1911-01-01,,17.5125,,14.457813
1911-02-01,,26.8,,22.067188
1911-03-01,,19.525002,,46.41719
1911-04-01,,41.5125,,79.137505
1911-05-01,,99.0,,138.8711
1911-06-01,,85.5875,,154.08984
1911-07-01,,71.3625,,138.11015
1911-08-01,,122.175,,110.71641
1911-09-01,,58.2375,,79.137505
1911-10-01,,34.050003,,40.71016
1911-11-01,,32.825,,14.838282
1911-12-01,,17.075,,11.4140625
1912-01-01,,9.025001,,6.0875
1912-02-01,,6.075,,12.935938
1912-03-01,,9.125,,30.817968
1912-04-01,,35.4,,91.3125
1912-05-01,,75.825,,120.98906
1912-06-01,,41.7375,,131.64218
1912-07-01,,98.4375,,135.44687
1912-08-01,,97.3,,95.49766
1912-09-01,,102.125,,76.47422
1912-10-01,,23.3875,,56.309376
1912-11-01,,7.775,,23.969532
1912-12-01,,23.175001,,16.740625
1913-01-01,,10.75,,13.316406
1913-02-01,,8.6125,,15.599218
1913-03-01,,28.1625,,28.15469
1913-04-01,,31.974998,,85.98594
1913-05-01,,59.850002,,103.86797
1913-06-01,,82.025,,144.95859
1913-07-01,,137.51251,,126.69609
1913-08-01,,64.8375,,128.21797
1913-09-01,,67.25,,87.12734
1913-10-01,,84.625,,47.558594
1913-11-01,,14.9125,,26.252346
1913-12-01,,1.3750001,,19.023438
1914-01-01,,23.075,,20.164845
1914-02-01,,10.0375,,13.696875
1914-03-01,,28.4875,,31.959375
1914-04-01,,42.0,,64.299225
1914-05-01,,59.0875,,125.93516
1914-06-01,,160.6875,,133.16406
1914-07-01,,67.2625,,148.38281
1914-08-01,,99.375,,114.140625
1914-09-01,,63.375,,89.41016
1914-10-01,,64.2875,,62.016407
1914-11-01,,15.8625,,24.730469
1914-12-01,,8.762501,,8.750782
1915-01-01,,16.8625,,9.892188
1915-02-01,,24.987501,,22.067188
1915-03-01,,5.4375,,35.003128
1915-04-01,,28.05,,100.06328
1915-05-01,,76.45,,97.4
1915-06-01,,192.9375,,113.379684
1915-07-01,,75.825005,,122.8914
1915-08-01,,28.25,,116.8039
1915-09-01,,55.9875,,80.27891
1915-10-01,,30.050001,,58.592186
1915-11-01,,32.475,,17.501564
1915-12-01,,19.2625,,11.4140625
1916-01-01,,43.375,,9.892188
1916-02-01,,9.825001,,14.838282
1916-03-01,,45.875,,30.4375
1916-04-01,,51.5625,,58.972656
1916-05-01,,73.425,,103.10703
1916-06-01,,97.2375,,109.575005
1916-07-01,,63.137497,,155.23126
1916-08-01,,132.0125,,115.6625
1916-09-01,,59.787502,,76.85469
1916-10-01,,32.9625,,38.427345
1916-11-01,,1.85,,25.491405
1916-12-01,,34.6125,,11.033594
1917-01-01,,8.975,,11.794531
1917-02-01,,27.575,,10.653126
1917-03-01,,12.3125,,32.720314
1917-04-01,,29.250002,,62.016407
1917-05-01,,3.4125,,121.36953
1917-06-01,,56.0375,,128.59845
1917-07-01,,61.0375,,147.62189
1917-08-01,,50.825005,,118.325775
1917-09-01,,47.612503,,77.99609
1917-10-01,,49.387497,,25.871876
1917-11-01,,6.35,,27.013283
1917-12-01,,19.525002,,9.13125
1918-01-01,,14.575001,,6.467969
1918-02-01,,8.325,,23.208593
1918-03-01,,4.1875,,59.353127
1918-04-01,,50.925003,,81.03984
1918-05-01,,71.8125,,122.8914
1918-06-01,,46.2875,,132.7836
1918-07-01,,68.55,,137.34921
1918-08-01,,102.9875,,126.69609
1918-09-01,,15.800001,,73.81094
1918-10-01,,50.4625,,52.88516
1918-11-01,,35.7625,,22.447657
1918-12-01,,30.1625,,16.740625
1919-01-01,,9.575,,16.740625
1919-02-01,,17.6,,18.262499
1919-03-01,,20.6,,32.339844
1919-04-01,,29.412502,,73.810936
1919-05-01,,69.1875,,122.51094
1919-06-01,,110.0375,,133.16406
1919-07-01,,146.26251,,146.86093
1919-08-01,,130.77501,,113.37969
1919-09-01,,48.300003,,80.65938
1919-10-01,,39.95,,30.81797
1919-11-01,,55.825,,16.360157
1919-12-01,,7.5375,,9.13125
1920-01-01,,28.05,,10.272657
1920-02-01,,11.512501,,16.740625
1920-03-01,,17.962502,,38.427345
1920-04-01,,17.7,,55.92891
1920-05-01,,70.45,,121.75
1920-06-01,,97.95,,130.88126
1920-07-01,,86.5,,133.16406
1920-08-01,,49.662502,,124.03281
1920-09-01,,76.2625,,90.55156
1920-10-01,,26.2875,,63.91875
1920-11-01,,16.962502,,17.88203
1920-12-01,,20.3125,,10.272657
1921-01-01,,13.712501,,16.360157
1921-02-01,,17.4125,,22.828125
1921-03-01,,25.95,,35.003128
1921-04-01,,44.375004,,87.88828
1921-05-01,,81.525,,124.032814
1921-06-01,,80.537506,,135.0664
1921-07-01,,90.600006,,151.80704
1921-08-01,,56.75,,125.93516
1921-09-01,,80.9875,,77.61563
1921-10-01,,14.625001,,53.26563
1921-11-01,,16.400002,,12.935938
1921-12-01,,19.7875,,10.272657
1922-01-01,,9.6375,,12.175
1922-02-01,,32.6875,,14.457813
1922-03-01,,33.7375,,33.861717
1922-04-01,,43.037502,,68.10391
1922-05-01,,84.325,,122.8914
1922-06-01,,78.525,,133.925
1922-07-01,,66.912506,,129.73985
1922-08-01,,54.125,,132.40314
1922-09-01,,67.2375,,91.69297
1922-10-01,,19.1,,61.63594
1922-11-01,,78.6125,,21.686718
1922-12-01,,29.525002,,10.653126
1923-01-01,,20.8375,,15.21875
1923-02-01,,15.3125,,14.457812
1923-03-01,,14.9875,,25.871876
1923-04-01,,38.1375,,71.14766
1923-05-01,,39.612503,,124.413284
1923-06-01,,105.7375,,148.38281
1923-07-01,,91.8625,,144.57812
1923-08-01,,41.775,,113.379684
1923-09-01,,46.487503,,93.595314
1923-10-01,,19.5875,,50.98281
1923-11-01,,12.775,,24.35
1923-12-01,,13.0,,17.501564
1924-01-01,,10.2375,,10.272657
1924-02-01,,8.9875,,23.208595
1924-03-01,,13.35,,33.861717
1924-04-01,,65.8625,,61.25547
1924-05-01,,53.0875,,91.69297
1924-06-01,,66.6875,,121.75
1924-07-01,,82.512505,,125.17422
1924-08-01,,74.9875,,111.09688
1924-09-01,,77.662506,,68.10391
1924-10-01,,51.15,,68.10391
1924-11-01,,10.275,,20.164845
1924-12-01,,14.175,,9.13125
1925-01-01,,10.7875,,14.077344
1925-02-01,,15.0,,21.30625
1925-03-01,,21.2625,,42.232033
1925-04-01,,67.75,,85.225006
1925-05-01,,49.050003,,111.47735
1925-06-01,,173.9,,114.521095
1925-07-01,,37.675003,,126.31563
1925-08-01,,76.225,,124.413284
1925-09-01,,113.9,,81.03985
1925-10-01,,28.224998,,25.871876
1925-11-01,,20.587502,,20.545311
1925-12-01,,8.525,,9.13125
1926-01-01,,16.625,,15.21875
1926-02-01,,12.075001,,22.067188
1926-03-01,,18.675001,,28.915627
1926-04-01,,5.1875,,83.32266
1926-05-01,,54.8375,,133.16406
1926-06-01,,89.6875,,115.28203
1926-07-01,,63.0,,139.63203
1926-08-01,,69.0625,,114.140625
1926-09-01,,78.2125,,65.82109
1926-10-01,,76.0625,,39.188282
1926-11-01,,40.7625,,13.316406
1926-12-01,,18.5125,,9.13125
1927-01-01,,14.137501,,14.077344
1927-02-01,,15.862499,,20.545311
1927-03-01,,23.7875,,37.666405
1927-04-01,,45.1375,,66.20157
1927-05-01,,107.149994,,83.32266
1927-06-01,,91.25,,119.46719
1927-07-01,,68.5,,122.51093
1927-08-01,,93.4375,,108.05313
1927-09-01,,30.925001,,72.66953
1927-10-01,,48.862503,,50.602345
1927-11-01,,21.487501,,17.121094
1927-12-01,,26.4375,,7.2289066
1928-01-01,,7.3125,,12.175
1928-02-01,,4.4625,,19.023438
1928-03-01,,29.550001,,33.861717
1928-04-01,,32.425,,60.875
1928-05-01,,23.587502,,128.21797
1928-06-01,,128.33751,,108.43359
1928-07-01,,109.375,,125.17422
1928-08-01,,126.475,,114.521095
1928-09-01,,65.3625,,68.864845
1928-10-01,,34.287502,,46.41719
1928-11-01,,13.737501,,23.208593
1928-12-01,,15.450001,,14.457812
1929-01-01,,27.375,,6.0875
1929-02-01,,6.8625,,14.838282
1929-03-01,,19.675001,,39.94922
1929-04-01,,28.3,,76.47422
1929-05-01,,42.375,,102.72656
1929-06-01,,48.275,,137.72968
1929-07-01,,46.5375,,148.00235
1929-08-01,,41.125,,130.12032
1929-09-01,,59.3125,,73.05
1929-10-01,,58.287502,,49.460938
1929-11-01,,19.150002,,14.838282
1929-12-01,,22.812502,,9.13125
1930-01-01,,8.525,,9.13125
1930-02-01,,37.975,,22.828125
1930-03-01,,14.5625,,33.10078
1930-04-01,,19.112501,,82.18125
1930-05-01,,112.5875,,108.05312
1930-06-01,,84.15,,131.26172
1930-07-01,,41.5625,,148.00235
1930-08-01,,21.0625,,139.63203
1930-09-01,,51.9,,83.703125
1930-10-01,,41.050003,,40.71016
1930-11-01,,62.475,,23.208593
1930-12-01,,8.2875,,12.175
1931-01-01,,4.4750004,,18.642967
1931-02-01,,7.5000005,,27.77422
1931-03-01,,32.85,,34.242188
1931-04-01,,10.9125,,84.84453
1931-05-01,,61.737503,,107.67266
1931-06-01,,87.9625,,145.71954
1931-07-01,,87.15,,142.67578
1931-08-01,,62.537502,,109.575005
1931-09-01,,55.6375,,96.63907
1931-10-01,,57.525,,55.92891
1931-11-01,,63.324997,,25.110939
1931-12-01,,10.087501,,11.4140625
1932-01-01,,19.825,,13.696875
1932-02-01,,22.6,,17.882032
1932-03-01,,20.800001,,23.969532
1932-04-01,,57.35,,73.43047
1932-05-01,,76.424995,,120.22813
1932-06-01,,71.7,,143.05624
1932-07-01,,57.3625,,145.33907
1932-08-01,,83.662506,,122.51094
1932-09-01,,27.85,,82.56172
1932-10-01,,56.325005,,38.807816
1932-11-01,,49.287502,,17.882032
1932-12-01,,11.55,,12.175
1933-01-01,,26.087502,,19.403906
1933-02-01,,14.6375,,12.175
1933-03-01,,28.725,,33.100784
1933-04-01,,42.0125,,63.918755
1933-05-01,,78.8125,,116.42344
1933-06-01,,52.112503,,162.84064
1933-07-01,,32.074997,,152.56798
1933-08-01,,41.025,,124.413284
1933-09-01,,50.9625,,90.93204
1933-10-01,,40.1875,,41.851562
1933-11-01,,33.462498,,18.2625
1933-12-01,,38.3375,,13.696875
1934-01-01,,11.0125,,16.740625
1934-02-01,,9.400001,,17.88203
1934-03-01,,11.587501,,29.676563
1934-04-01,,29.3,,64.299225
1934-05-01,,34.350002,,151.42657
1934-06-01,,129.725,,129.73985
1934-07-01,,50.075,,139.63203
1934-08-01,,41.8625,,118.70625
1934-09-01,,33.6375,,63.157814
1934-10-01,,77.2375,,52.88516
1934-11-01,,17.45,,20.925781
1934-12-01,,21.425,,9.13125
1935-01-01,,29.100002,,9.511719
1935-02-01,,1.8750001,,25.110939
1935-03-01,,35.6625,,34.242188
1935-04-01,,55.025,,59.353127
1935-05-01,,45.8125,,98.54141
1935-06-01,,104.6375,,109.575005
1935-07-01,,133.55002,,149.14375
1935-08-01,,118.787506,,110.33594
1935-09-01,,27.3625,,76.47422
1935-10-01,,32.875,,49.841408
1935-11-01,,30.412498,,14.077343
1935-12-01,,12.400001,,7.228906
1936-01-01,,20.5125,,6.8484373
1936-02-01,,27.5125,,10.272656
1936-03-01,,32.775,,24.35
1936-04-01,,20.3125,,55.54844
1936-05-01,,41.8125,,136.96875
1936-06-01,,60.0,,135.0664
1936-07-01,,26.175001,,162.0797
1936-08-01,,49.199997,,126.6961
1936-09-01,,55.6125,,87.888275
1936-10-01,,10.3,,43.37344
1936-11-01,,22.375,,17.501564
1936-12-01,,27.350002,,12.175
1937-01-01,,30.7375,,8.370313
1937-02-01,,26.6875,,12.175
1937-03-01,,7.4125,,24.730469
1937-04-01,,104.9375,,50.221878
1937-05-01,,90.9875,,112.99922
1937-06-01,,44.75,,124.793755
1937-07-01,,145.6875,,137.72969
1937-08-01,,103.95,,129.73984
1937-09-01,,48.3875,,80.65938
1937-10-01,,7.2125006,,32.720314
1937-11-01,,17.65,,17.121094
1937-12-01,,19.362501,,12.175
1938-01-01,,15.0375,,11.4140625
1938-02-01,,20.875,,20.925781
1938-03-01,,18.75,,51.36328
1938-04-01,,67.375,,76.47421
1938-05-01,,130.8375,,90.55157
1938-06-01,,46.8875,,129.73985
1938-07-01,,68.962494,,136.20782
1938-08-01,,54.6125,,135.44688
1938-09-01,,30.025002,,89.029686
1938-10-01,,14.525001,,62.777344
1938-11-01,,46.100002,,17.121094
1938-12-01,,14.375,,8.750782
1939-01-01,,23.625,,15.21875
1939-02-01,,33.2625,,11.4140625
1939-03-01,,12.825001,,31.959375
1939-04-01,,20.825,,68.484375
1939-05-01,,27.912498,,138.11017
1939-06-01,,130.46251,,128.97891
1939-07-01,,34.412502,,149.14377
1939-08-01,,100.15,,125.55469
1939-09-01,,45.4375,,87.88828
1939-10-01,,49.5875,,44.134377
1939-11-01,,2.7125,,28.915627
1939-12-01,,9.825001,,17.882032
1940-01-01,,7.4875,,6.467969
1940-02-01,,18.975,,16.360157
1940-03-01,,32.425003,,22.447657
1940-04-01,,79.6375,,62.01641
1940-05-01,,37.2,,113.379684
1940-06-01,,51.137505,,130.88126
1940-07-01,,102.9375,,145.33907
1940-08-01,,56.2375,,101.96563
1940-09-01,,33.7625,,94.35625
1940-10-01,,72.3375,,54.026566
1940-11-01,,57.125,,14.457812
1940-12-01,,12.2875,,14.077343
1941-01-01,,25.350002,,15.21875
1941-02-01,,7.9000006,,14.457812
1941-03-01,,27.475,,31.198437
1941-04-01,,63.925,,86.74687
1941-05-01,,80.2125,,119.84766
1941-06-01,,136.7875,,124.79375
1941-07-01,,48.5125,,146.48047
1941-08-01,,121.512505,,116.80391
1941-09-01,,145.6375,,75.71329
1941-10-01,,33.725002,,52.50469
1941-11-01,,7.2500005,,23.208595
1941-12-01,,10.3625,,16.360157
1942-01-01,,5.6625004,,17.882032
1942-02-01,,6.9375,,18.2625
1942-03-01,,48.375,,34.622658
1942-04-01,,52.5875,,96.63907
1942-05-01,,79.2125,,104.24844
1942-06-01,,74.3125,,113.76016
1942-07-01,,81.8375,,138.8711
1942-08-01,,178.88751,,112.61875
1942-09-01,,45.9625,,71.14766
1942-10-01,,23.762499,,56.689842
1942-11-01,,16.175,,24.730469
1942-12-01,,25.625,,10.653126
1943-01-01,,19.325,,9.13125
1943-02-01,,27.4,,19.403906
1943-03-01,,28.912502,,25.491407
1943-04-01,,40.0,,74.95235
1943-05-01,,98.95,,100.82422
1943-06-01,,126.3125,,128.59845
1943-07-01,,62.1,,147.62187
1943-08-01,,98.3875,,122.51094
1943-09-01,,25.7625,,79.517975
1943-10-01,,36.25,,61.25547
1943-11-01,,20.425001,,16.740625
1943-12-01,,5.4,,19.403906
1944-01-01,,8.150001,,22.447655
1944-02-01,,4.0,,23.589062
1944-03-01,,34.825,,27.393751
1944-04-01,,20.525002,,77.23516
1944-05-01,,111.075,,114.52109
1944-06-01,,159.25,,135.0664
1944-07-01,,107.8375,,133.54453
1944-08-01,,172.975,,112.61875
1944-09-01,,54.725,,69.62578
1944-10-01,,10.262501,,62.777344
1944-11-01,,59.574997,,19.403906
1944-12-01,,5.2250004,,12.5554695
1945-01-01,,17.7875,,13.316406
1945-02-01,,18.25,,18.64297
1945-03-01,,41.025,,44.134377
1945-04-01,,63.3375,,62.777348
1945-05-01,,30.8125,,96.25859
1945-06-01,,77.174995,,112.61875
1945-07-01,,87.375,,134.68594
1945-08-01,,93.5125,,118.70625
1945-09-01,,105.46251,,68.484375
1945-10-01,,17.7625,,55.54844
1945-11-01,,18.1625,,19.023438
1945-12-01,,26.337502,,11.033594
1946-01-01,,13.1,,13.316406
1946-02-01,,20.925,,17.121094
1946-03-01,,34.1875,,51.36328
1946-04-01,,38.2875,,86.36641
1946-05-01,,64.325,,104.248436
1946-06-01,,119.162506,,136.20781
1946-07-01,,61.525,,139.25156
1946-08-01,,66.3375,,114.140625
1946-09-01,,85.412506,,73.430466
1946-10-01,,71.6375,,45.27578
1946-11-01,,31.6375,,26.252344
1946-12-01,,24.337502,,11.033594
1947-01-01,,7.5499997,,20.164845
1947-02-01,,13.1125,,13.696875
1947-03-01,,11.4625,,28.15469
1947-04-01,,52.0375,,63.538284
1947-05-01,,49.9625,,97.4
1947-06-01,,134.9875,,111.47734
1947-07-01,,46.5375,,141.15392
1947-08-01,,100.05,,129.35938
1947-09-01,,87.5125,,79.517975
1947-10-01,,33.5625,,70.38672
1947-11-01,,45.2625,,10.272657
1947-12-01,,16.9375,,12.175
1948-01-01,,14.0625,,10.653126
1948-02-01,,23.712502,,15.979688
1948-03-01,,26.875,,32.339844
1948-04-01,,51.825005,,77.61563
1948-05-01,,25.849998,,125.55469
1948-06-01,,106.325005,,125.55469
1948-07-01,,118.4875,,135.44687
1948-08-01,,60.6625,,123.65234
1948-09-01,,22.5125,,104.62891
1948-10-01,,17.9875,,61.63594
1948-11-01,,28.612501,,17.121094
1948-12-01,,25.212502,,13.696875
1949-01-01,,32.8875,,13.696875
1949-02-01,,15.15,,15.21875
1949-03-01,,17.6375,,27.393751
1949-04-01,,8.1375,,85.98593
1949-05-01,,111.85,,126.31563
1949-06-01,,103.675,,138.11017
1949-07-01,,167.2,,141.1539
1949-08-01,,71.05,,127.45704
1949-09-01,,24.675001,,81.80078
1949-10-01,,84.850006,,51.74375
1949-11-01,,24.062502,,25.110939
1949-12-01,,29.2875,,11.033594
1950-01-01,45.755623,38.9625,3.2060196,9.13125
1950-02-01,13.139796,9.887501,5.441012,19.784374
1950-03-01,56.34598,34.275,11.463055,25.491407
1950-04-01,91.45732,51.4625,19.243523,39.94922
1950-05-01,151.26154,105.762505,36.02586,90.55157
1950-06-01,127.63427,116.45,116.560684,137.72969
1950-07-01,133.48326,81.525,126.48195,125.93516
1950-08-01,81.589226,54.949997,113.93116,111.85781
1950-09-01,85.49067,92.5,73.03895,86.74687
1950-10-01,56.04868,43.287502,36.299683,52.50469
1950-11-01,54.28814,28.449999,23.083328,12.935938
1950-12-01,24.566896,17.5625,4.424037,8.750782
1951-01-01,13.505093,12.8,3.450015,11.794531
1951-02-01,38.75352,27.962502,5.407803,20.545311
1951-03-01,82.636665,43.325,10.504771,22.828125
1951-04-01,61.481976,31.7625,13.904799,54.7875
1951-05-01,52.70385,49.562504,76.77325,131.64218
1951-06-01,79.77747,71.162506,115.936554,114.140625
1951-07-01,91.023796,51.362503,122.01432,134.68594
1951-08-01,208.72089,146.5625,96.90557,92.4539
1951-09-01,112.539406,72.025,64.04163,60.875
1951-10-01,79.77489,42.300003,31.076881,39.94922
1951-11-01,46.623905,26.125,11.562848,12.175
1951-12-01,79.28252,37.912502,3.290749,9.511719
1952-01-01,26.687387,17.337502,3.0442336,14.077343
1952-02-01,9.337622,3.45,7.7026033,26.252344
1952-03-01,27.494236,18.0,10.743166,29.296095
1952-04-01,12.52216,11.65,31.172531,94.73672
1952-05-01,30.438515,16.8375,80.669205,120.22812
1952-06-01,112.92707,116.25,117.34771,137.72969
1952-07-01,160.0066,163.48749,142.04747,131.26172
1952-08-01,90.711006,90.600006,108.81711,113.760155
1952-09-01,31.231422,16.5125,71.69717,91.3125
1952-10-01,24.287657,7.2875004,38.552486,41.851562
1952-11-01,47.23887,32.6375,17.887075,24.730469
1952-12-01,13.947052,7.55,6.3053274,12.175
1953-01-01,37.20562,20.4125,5.82876,12.935938
1953-02-01,23.721157,10.725,7.223181,17.88203
1953-03-01,41.006252,25.662502,12.410197,31.198437
1953-04-01,85.57251,49.575,24.914274,59.733593
1953-05-01,113.16409,108.850006,66.87191,105.38985
1953-06-01,198.7121,126.9875,115.42802,120.6086
1953-07-01,67.5684,100.975006,128.61525,127.83751
1953-08-01,67.18673,102.4875,104.128716,116.42344
1953-09-01,66.32016,70.925,76.697426,73.810936
1953-10-01,20.144655,21.837502,39.43074,66.58203
1953-11-01,45.19593,24.2875,21.687399,25.110939
1953-12-01,44.98564,27.475,8.084753,7.228906
1954-01-01,31.277855,30.112501,3.4588637,11.033594
1954-02-01,31.817701,23.725,10.099437,23.969532
1954-03-01,21.315432,18.612501,14.778358,29.676563
1954-04-01,67.93143,47.7875,24.472147,65.82109
1954-05-01,83.193115,62.037502,52.086018,89.02969
1954-06-01,102.3787,60.25,117.88314,123.27187
1954-07-01,61.394375,86.399994,129.36678,133.925
1954-08-01,87.55687,64.0,97.15215,104.62891
1954-09-01,71.93335,63.6,60.647427,65.060165
1954-10-01,26.16132,23.0625,36.500614,43.37344
1954-11-01,38.009956,16.95,19.962353,22.067188
1954-12-01,12.092598,4.4125,6.6113157,11.794532
1955-01-01,22.793722,15.4125,4.3360043,14.077344
1955-02-01,33.79362,33.925003,5.7550073,16.740625
1955-03-01,34.89592,19.0125,9.528395,26.252346
1955-04-01,60.308525,41.8125,31.234938,93.21484
1955-05-01,87.24042,84.55,82.65998,126.69609
1955-06-01,135.8642,99.27501,116.194084,116.04297
1955-07-01,119.80092,130.9875,146.66154,140.0125
1955-08-01,52.330124,47.612503,124.61427,130.12032
1955-09-01,66.572495,67.587494,73.909134,81.80078
1955-10-01,45.756767,28.7625,37.664536,54.02656
1955-11-01,61.198357,37.0625,18.460745,11.033594
1955-12-01,28.838423,16.612501,4.7991304,12.175
1956-01-01,29.799639,26.4375,4.6123676,15.599218
1956-02-01,15.893235,9.75,5.156919,16.740625
1956-03-01,44.06292,26.6125,12.482383,27.013283
1956-04-01,77.50229,25.900002,19.982006,55.54844
1956-05-01,88.92754,76.3,41.04172,103.867966
1956-06-01,54.001114,52.65,125.57551,139.25156
1956-07-01,110.46658,86.850006,122.02927,114.140625
1956-08-01,116.332344,102.6375,105.63628,107.67265
1956-09-01,34.254948,24.675,65.53959,74.19141
1956-10-01,49.500275,39.237503,41.92249,70.76719
1956-11-01,57.8695,40.65,22.31455,15.599218
1956-12-01,30.289412,20.0,6.174118,13.696875
1957-01-01,20.211592,11.575001,3.9861104,12.5554695
1957-02-01,21.784374,16.05,6.2992797,18.2625
1957-03-01,29.934725,18.0125,11.440321,29.676563
1957-04-01,74.093376,61.4125,22.373018,63.157814
1957-05-01,83.73052,51.7375,62.232414,123.27187
1957-06-01,171.36067,171.75,104.00557,114.140625
1957-07-01,100.32061,102.6,139.1323,147.2414
1957-08-01,93.24468,62.4125,115.36344,112.23828
1957-09-01,100.0028,109.7625,68.12689,69.245316
1957-10-01,42.8509,41.9375,35.96799,44.134377
1957-11-01,49.210907,28.8125,19.093273,18.2625
1957-12-01,28.348656,7.3250003,7.6164184,14.077344
1958-01-01,21.390224,11.625,6.0250998,18.64297
1958-02-01,9.976976,4.25,4.7844577,19.023438
1958-03-01,13.4402685,5.2625,13.147951,40.32969
1958-04-01,32.68614,16.275002,36.621914,89.41016
1958-05-01,58.934757,34.6875,83.52127,136.96875
1958-06-01,89.534325,101.600006,111.25555,121.36954
1958-07-01,161.23956,113.125,128.30219,123.65234
1958-08-01,73.388145,54.3125,115.78404,127.45704
1958-09-01,79.49913,46.0875,69.12526,82.18126
1958-10-01,48.8751,31.425,35.616196,54.026566
1958-11-01,95.60948,62.4375,22.078787,18.64297
1958-12-01,30.083254,13.625,4.273003,7.989844
1959-01-01,14.292012,7.3625,3.768156,13.696875
1959-02-01,16.797813,8.7375,4.0274954,19.023438
1959-03-01,13.909698,5.7,12.477232,33.86172
1959-04-01,28.279615,13.075001,29.085495,80.27891
1959-05-01,144.37108,103.3,59.776165,117.18437
1959-06-01,115.09457,97.0875,132.67194,136.58829
1959-07-01,126.69412,111.9375,142.69423,140.39297
1959-08-01,100.84336,123.037506,111.07389,126.6961
1959-09-01,99.50079,57.975002,74.17481,74.95235
1959-10-01,68.569405,60.125,30.295729,35.764065
1959-11-01,41.515957,22.5,15.829323,12.5554695
1959-12-01,29.115637,19.25,4.1382647,15.599218
1960-01-01,23.644983,14.3,4.0689917,16.360157
1960-02-01,12.34348,5.9625,6.708309,20.545311
1960-03-01,17.164246,7.25,10.872361,25.491405
1960-04-01,79.032776,62.7,25.904709,66.20157
1960-05-01,43.190678,57.825,64.22744,117.56485
1960-06-01,131.42438,100.7,122.09675,122.13047
1960-07-01,70.42807,84.7125,143.3986,145.33907
1960-08-01,93.46079,100.412506,113.55311,124.032814
1960-09-01,54.763638,41.0875,76.449326,84.84453
1960-10-01,51.152065,38.7625,36.820713,58.21172
1960-11-01,53.708904,23.8375,20.026134,24.35
1960-12-01,31.774183,26.650002,4.5205264,12.175
1961-01-01,11.109745,7.175,3.9210372,11.033594
1961-02-01,20.403723,10.0875,7.0909634,24.35
1961-03-01,22.743078,8.375,14.911135,46.03672
1961-04-01,81.88257,51.0625,24.818289,57.450783
1961-05-01,44.20554,47.225,66.80908,125.55469
1961-06-01,32.843426,27.3875,135.96877,173.11328
1961-07-01,106.48815,101.287506,120.15239,137.72969
1961-08-01,31.688126,50.925003,110.64667,151.42657
1961-09-01,156.67093,142.38751,75.190605,74.57187
1961-10-01,34.514416,31.85,33.2132,55.92891
1961-11-01,27.48962,15.450001,18.662348,22.067188
1961-12-01,37.390945,21.625,5.7701845,14.077343
1962-01-01,35.733242,22.2875,3.8633013,11.033594
1962-02-01,47.23134,28.7375,5.209784,17.501564
1962-03-01,30.251244,19.5,10.339734,30.4375
1962-04-01,56.824398,37.9125,17.35417,61.25547
1962-05-01,188.28291,178.01251,48.041985,102.34609
1962-06-01,73.62671,96.537506,109.19373,116.80391
1962-07-01,121.85162,130.0375,122.29487,122.51094
1962-08-01,66.46772,87.350006,113.89957,118.32578
1962-09-01,52.42347,86.3875,68.83995,76.09375
1962-10-01,19.315767,14.0875,36.813103,51.74375
1962-11-01,29.55776,13.7875,18.968336,23.208595
1962-12-01,21.283257,14.987499,9.826546,11.033594
1963-01-01,10.84517,1.7125001,4.268803,7.609375
1963-02-01,24.067736,14.887501,6.3131676,20.164843
1963-03-01,21.768164,16.5375,11.7659645,47.939064
1963-04-01,133.56908,69.35,30.650381,77.99609
1963-05-01,106.0727,76.5125,65.03822,106.53125
1963-06-01,138.8297,104.6875,117.487206,128.97891
1963-07-01,117.21627,96.1125,140.09871,135.0664
1963-08-01,79.82529,71.1,112.7058,113.379684
1963-09-01,63.569393,27.4875,71.40534,89.41016
1963-10-01,15.727845,9.9125,41.998318,77.61563
1963-11-01,24.79979,20.537502,22.458525,29.296095
1963-12-01,31.787558,20.025,6.0464354,4.946094
1964-01-01,23.313559,11.0375,5.385737,14.077344
1964-02-01,21.67797,7.7375,8.261378,19.403906
1964-03-01,40.6271,20.125,13.291201,31.959375
1964-04-01,139.51402,92.5,16.491701,69.62578
1964-05-01,81.993744,55.637497,75.69293,132.40314
1964-06-01,152.35248,157.2125,104.60261,125.174225
1964-07-01,69.60202,80.3375,148.40872,138.11015
1964-08-01,131.55661,113.762505,101.50235,100.44375
1964-09-01,140.05077,99.2625,69.651184,73.81094
1964-10-01,43.06783,14.462501,36.698574,55.16797
1964-11-01,33.54023,25.575,19.184107,17.88203
1964-12-01,33.56657,24.425,4.5365987,8.750782
1965-01-01,9.21826,6.6625004,4.4509172,11.794531
1965-02-01,19.867117,7.3500004,6.6693883,18.64297
1965-03-01,46.165413,34.2875,10.196542,22.828125
1965-04-01,84.401566,53.300003,16.186947,58.59219
1965-05-01,133.58925,103.412506,57.492455,109.575
1965-06-01,103.14601,116.025,124.0331,126.6961
1965-07-01,67.844635,73.9375,121.04471,125.174225
1965-08-01,96.78909,78.05,109.972694,114.140625
1965-09-01,117.644615,136.5875,55.345215,49.460938
1965-10-01,62.945923,41.612503,32.74162,52.885155
1965-11-01,44.988316,53.45,19.686716,22.067186
1965-12-01,44.87593,35.425,6.820367,13.696875
1966-01-01,21.361217,16.912498,2.77263,7.228906
1966-02-01,25.312086,17.3125,5.0225735,12.175
1966-03-01,101.97752,58.5,9.745064,35.383595
1966-04-01,62.898434,50.925003,20.65312,50.602345
1966-05-01,44.530483,36.725002,63.378582,101.96562
1966-06-01,70.34095,80.075005,121.897606,128.21797
1966-07-01,118.24062,121.225006,144.42567,144.19766
1966-08-01,144.74295,129.6375,101.49137,104.62891
1966-09-01,43.369843,23.400002,77.27703,80.65938
1966-10-01,49.589813,44.2,36.943356,50.602345
1966-11-01,21.411697,14.325001,12.795873,21.30625
1966-12-01,35.842636,25.325,4.7766175,14.077343
1967-01-01,46.439713,35.300003,5.304482,15.21875
1967-02-01,27.229338,11.525,5.8375525,15.979688
1967-03-01,32.606075,23.9125,9.160359,31.578907
1967-04-01,124.907875,82.5625,23.880669,60.875
1967-05-01,57.16199,27.612501,61.198242,98.921875
1967-06-01,93.59417,121.325005,108.85039,125.55469
1967-07-01,37.007004,39.637505,129.14656,137.72969
1967-08-01,31.88123,29.537502,104.21334,125.174225
1967-09-01,13.247406,28.025,62.14304,91.69297
1967-10-01,53.614502,36.700005,34.376614,44.134377
1967-11-01,22.590574,10.2375,17.97001,19.403906
1967-12-01,40.87028,33.050003,6.5204816,7.609375
1968-01-01,26.109293,17.6875,4.485694,11.033594
1968-02-01,7.931367,2.2875,7.237684,18.2625
1968-03-01,59.539677,37.525,12.501197,44.134377
1968-04-01,65.32466,65.662506,33.069,78.757034
1968-05-01,71.864876,55.65,57.970596,98.921875
1968-06-01,130.69174,178.7375,107.26247,123.65234
1968-07-01,86.02912,93.350006,129.46036,128.97891
1968-08-01,75.15954,99.5125,98.93105,107.67265
1968-09-01,112.89733,81.25,68.89886,66.20157
1968-10-01,82.89815,60.287502,38.57169,47.178123
1968-11-01,14.944087,11.125,15.3823805,23.589062
1968-12-01,41.32277,37.8375,6.2858386,9.892188
1969-01-01,69.57828,65.075,4.168001,10.653126
1969-02-01,21.233912,10.825001,6.0887165,17.882032
1969-03-01,12.627421,4.6875,12.454326,30.81797
1969-04-01,52.369095,34.9125,23.872435,80.65938
1969-05-01,78.137115,78.75,70.377,114.901566
1969-06-01,95.83726,81.1,110.56508,110.33594
1969-07-01,104.278114,118.45,118.93634,130.50078
1969-08-01,49.767437,60.775,119.979935,127.07657
1969-09-01,76.99526,77.0,70.42611,73.430466
1969-10-01,86.64377,81.175,34.156757,32.720314
1969-11-01,29.712534,15.462501,16.30001,19.403906
1969-12-01,38.898003,25.975002,5.307896,11.033594
1970-01-01,21.11528,11.575001,2.991817,10.272656
1970-02-01,19.921976,8.025,6.749974,19.403906
1970-03-01,43.75046,31.350002,10.85763,29.296093
1970-04-01,80.513916,65.4625,14.987016,55.16797
1970-05-01,105.438286,85.975,52.497295,94.35625
1970-06-01,98.8415,91.225006,121.17997,140.0125
1970-07-01,39.647892,51.9,142.7892,148.00235
1970-08-01,53.628685,33.8125,104.37951,132.40314
1970-09-01,53.449764,61.5,67.25748,79.51797
1970-10-01,100.07362,90.3,33.485477,44.89531
1970-11-01,33.398342,33.0125,17.80195,15.979688
1970-12-01,41.64366,27.100002,5.000284,12.175
1971-01-01,25.467833,19.325,3.1739879,12.5554695
1971-02-01,16.529509,16.45,5.741735,17.501564
1971-03-01,30.619051,19.5,11.358783,29.296095
1971-04-01,51.414692,28.2875,26.672922,75.71329
1971-05-01,65.08829,61.087498,67.18272,120.6086
1971-06-01,93.74571,95.7,110.95238,132.40312
1971-07-01,126.23659,90.5625,136.02594,127.45704
1971-08-01,27.379652,36.575,108.70976,123.27188
1971-09-01,93.00945,97.2375,71.30578,77.61563
1971-10-01,126.34923,150.825,34.679974,41.851562
1971-11-01,29.652243,28.050001,18.231197,17.121094
1971-12-01,18.658829,11.962501,6.067156,13.316406
1972-01-01,25.195723,19.4875,4.323739,11.4140625
1972-02-01,29.872494,17.9375,5.266961,17.882032
1972-03-01,32.91749,22.8125,10.92797,29.296095
1972-04-01,46.85047,35.3375,20.578695,63.157814
1972-05-01,98.17412,69.425,67.11484,123.27187
1972-06-01,70.06148,60.8375,135.35216,146.1
1972-07-01,146.86584,107.025,118.04765,130.88126
1972-08-01,148.55888,96.55,108.35767,119.46719
1972-09-01,86.814835,66.450005,73.53612,77.61563
1972-10-01,46.144917,40.5,36.1188,46.797657
1972-11-01,24.53311,11.262501,13.112502,19.023438
1972-12-01,44.235764,27.2,5.045814,12.935938
1973-01-01,10.88601,4.3375006,3.5648167,11.033594
1973-02-01,16.670427,3.9,6.3334956,20.925781
1973-03-01,32.450085,25.3625,11.443119,46.417187
1973-04-01,43.19789,24.5625,26.047676,78.37657
1973-05-01,60.687115,48.3125,67.30502,118.32578
1973-06-01,101.0453,77.375,125.80299,132.7836
1973-07-01,125.29741,118.912506,133.25339,137.34921
1973-08-01,87.794106,79.0375,105.357216,116.42344
1973-09-01,112.338684,138.6625,71.44998,73.81094
1973-10-01,64.09247,74.25,37.380276,51.36328
1973-11-01,32.590355,31.8125,18.138237,19.784374
1973-12-01,29.168472,20.175001,6.498193,11.794531
1974-01-01,23.41574,17.475,3.81206,13.696875
1974-02-01,21.90317,11.25,5.19304,23.969532
1974-03-01,26.413332,15.625001,13.489445,30.057032
1974-04-01,88.32749,69.7,21.313368,64.67969
1974-05-01,113.14877,96.075005,50.510727,83.703125
1974-06-01,80.052826,66.025,129.14287,144.57812
1974-07-01,55.039394,79.75,143.54549,153.70938
1974-08-01,154.60773,156.3,100.166275,104.248436
1974-09-01,20.739042,15.1875,66.64376,80.65938
1974-10-01,53.010723,43.550003,30.59253,59.733597
1974-11-01,42.28099,37.225002,19.971983,21.686718
1974-12-01,32.15334,20.2,4.754386,15.21875
1975-01-01,72.57935,50.575,4.27278,12.175
1975-02-01,20.514818,9.9375,6.465433,18.64297
1975-03-01,57.644547,34.7625,11.141891,27.013283
1975-04-01,80.660095,55.237503,13.226576,44.895313
1975-05-01,41.977604,48.2875,68.31315,120.6086
1975-06-01,138.14975,144.275,104.36893,112.99922
1975-07-01,76.79025,71.775,146.16,144.9586
1975-08-01,58.999992,56.4375,103.675575,111.85782
1975-09-01,68.20653,53.6125,68.036896,71.9086
1975-10-01,72.03343,52.3125,40.52102,56.309376
1975-11-01,39.61321,24.5,19.558138,21.686718
1975-12-01,21.762735,13.875,4.9090595,11.794531
1976-01-01,31.952135,26.5375,4.3230114,14.077344
1976-02-01,25.963997,12.575,8.857507,23.589062
1976-03-01,48.1218,35.875,10.396521,31.959375
1976-04-01,29.97759,26.0375,29.002275,93.595314
1976-05-01,14.157576,13.012501,77.71876,140.39297
1976-06-01,129.28459,141.2625,132.34406,147.24141
1976-07-01,48.212082,57.175003,142.39366,155.23126
1976-08-01,47.68787,49.9,112.01129,146.48047
1976-09-01,21.888096,18.925,65.93586,110.33594
1976-10-01,15.8216,9.5125,31.693619,52.885155
1976-11-01,12.915414,2.825,15.43256,24.730469
1976-12-01,22.847616,12.3875,5.516332,12.175
1977-01-01,28.274345,15.6,3.4173112,10.653126
1977-02-01,43.74948,26.5125,7.11678,21.30625
1977-03-01,48.99648,37.225,11.23771,42.99297
1977-04-01,39.37683,29.150002,30.108292,102.3461
1977-05-01,86.579506,100.725006,83.9778,147.62189
1977-06-01,89.45303,88.3125,123.38683,132.02266
1977-07-01,66.73075,77.05,137.19073,148.38281
1977-08-01,105.379456,98.100006,89.51331,106.53125
1977-09-01,137.28284,116.8,57.092888,63.91875
1977-10-01,46.95857,48.125,34.371124,58.972656
1977-11-01,118.66563,81.375,22.28672,12.175
1977-12-01,37.984756,26.425,4.5572624,8.750782
1978-01-01,17.071138,8.925,3.066634,14.457812
1978-02-01,18.291988,7.425,4.379461,19.403906
1978-03-01,16.459496,7.9750004,10.181311,34.622658
1978-04-01,52.78537,26.5,26.068844,73.05
1978-05-01,79.25359,75.15001,70.20233,125.93516
1978-06-01,87.569664,79.775,120.20605,134.30548
1978-07-01,154.66446,138.05,130.02428,127.45704
1978-08-01,102.3044,130.6625,113.0091,122.13048
1978-09-01,88.13932,66.7125,75.33643,86.36641
1978-10-01,17.209787,12.1875,37.48875,57.070312
1978-11-01,38.96761,29.2625,20.085777,22.828125
1978-12-01,33.63358,21.2625,4.442741,12.555469
1979-01-01,25.789211,15.050001,1.8645767,12.175
1979-02-01,47.70027,35.8375,4.551663,17.121094
1979-03-01,56.238617,43.3875,10.323777,30.057032
1979-04-01,72.542564,61.3375,18.48981,52.124218
1979-05-01,79.40496,58.2,50.782715,89.79063
1979-06-01,97.3252,96.4625,118.529945,137.34921
1979-07-01,112.650185,85.2,134.73875,136.96875
1979-08-01,81.9375,54.9625,100.38966,106.91172
1979-09-01,45.537567,18.199999,69.47936,93.21484
1979-10-01,93.47061,69.8,32.143024,44.134377
1979-11-01,33.135952,24.0,14.627269,19.403906
1979-12-01,16.889622,4.925,5.538733,14.838282
1980-01-01,38.151928,27.1875,5.083502,12.935938
1980-02-01,24.077944,14.975,4.9653964,20.545311
1980-03-01,23.608437,18.650002,10.721437,33.10078
1980-04-01,10.487488,5.375,30.161156,108.43359
1980-05-01,15.656858,14.325,83.73862,160.55782
1980-06-01,62.320263,69.6625,118.31904,143.8172
1980-07-01,64.063614,58.475,127.68692,153.70938
1980-08-01,155.8972,148.475,99.048454,109.194534
1980-09-01,108.766495,70.887505,66.05822,71.14766
1980-10-01,55.31394,40.45,39.491337,44.134377
1980-11-01,44.141354,26.975,16.49943,25.110937
1980-12-01,24.15225,9.9375,6.8860555,13.316406
1981-01-01,12.716233,5.1125,4.835139,15.21875
1981-02-01,23.78679,12.575001,5.6807504,14.838282
1981-03-01,37.675777,22.775002,14.303417,48.319534
1981-04-01,49.94774,40.387505,33.77388,84.84453
1981-05-01,42.613716,54.612503,74.76472,127.83751
1981-06-01,159.96468,166.7625,114.04193,117.56485
1981-07-01,66.561386,93.85,134.92609,135.82733
1981-08-01,102.3065,99.075005,102.075165,107.29219
1981-09-01,94.10065,84.262505,77.04233,80.278915
1981-10-01,85.85839,82.65,35.769745,41.471092
1981-11-01,23.04428,15.8625,17.142096,28.915627
1981-12-01,26.525969,17.150002,7.415039,10.653126
1982-01-01,41.536377,33.3125,3.5219767,14.838282
1982-02-01,23.975113,9.825001,5.6899905,15.599218
1982-03-01,46.313545,32.6875,12.279603,27.77422
1982-04-01,39.800884,27.800001,25.620274,71.90859
1982-05-01,68.22672,84.4625,60.14722,111.85782
1982-06-01,81.25286,61.050003,112.56148,119.086716
1982-07-01,87.91494,130.01251,127.607666,134.30547
1982-08-01,96.131096,52.1875,112.257744,112.61875
1982-09-01,64.51773,54.45,64.1785,74.95235
1982-10-01,110.37768,114.675,33.656612,42.612503
1982-11-01,39.005863,29.337502,17.197649,16.740625
1982-12-01,14.85706,9.825,3.693619,12.935938
1983-01-01,26.927328,19.462502,6.211022,12.935938
1983-02-01,28.662254,10.5,6.464369,19.023438
1983-03-01,40.4357,31.15,10.067628,36.525
1983-04-01,18.641161,14.7625,27.635298,75.33281
1983-05-01,54.97222,54.487503,72.33854,112.99922
1983-06-01,95.050285,135.33751,116.20161,122.13047
1983-07-01,88.90162,106.5625,133.50064,137.34923
1983-08-01,104.23939,102.9375,117.448784,130.88126
1983-09-01,102.92519,67.7,79.01046,78.757034
1983-10-01,60.681355,64.375,31.051905,41.851562
1983-11-01,62.77429,44.3375,18.052053,14.838282
1983-12-01,30.194273,23.862501,4.302459,10.272657
1984-01-01,13.682802,11.725,3.9742947,11.794531
1984-02-01,40.709507,19.625,6.218806,20.545311
1984-03-01,13.527541,9.5625,13.15008,30.81797
1984-04-01,48.346268,34.037502,37.43364,93.21484
1984-05-01,48.9913,36.1,75.449554,122.13046
1984-06-01,154.98738,157.625,115.644905,122.13047
1984-07-01,77.17443,49.362503,140.23643,144.95859
1984-08-01,54.551815,51.675003,117.689995,136.96875
1984-09-01,50.489113,43.275,64.00355,74.95235
1984-10-01,154.0764,146.4375,34.781555,38.807816
1984-11-01,20.206324,10.4625,14.586724,21.686718
1984-12-01,39.08738,26.325,5.171368,11.033594
1985-01-01,16.20659,6.9,4.095704,14.077344
1985-02-01,26.538124,12.725,5.599717,16.360157
1985-03-01,45.636837,23.1125,13.546901,42.99297
1985-04-01,72.65423,58.125,30.15836,83.703125
1985-05-01,115.81982,150.63751,80.53061,128.59845
1985-06-01,108.932945,109.58751,111.5377,112.23828
1985-07-01,84.58763,95.037506,136.74364,139.63203
1985-08-01,150.31198,129.675,94.09277,96.25859
1985-09-01,126.06989,58.512505,66.376755,62.777348
1985-10-01,48.979057,44.037502,30.81138,52.124218
1985-11-01,57.88862,45.525,17.696222,13.696875
1985-12-01,30.705433,13.9375,3.9625347,10.272656
1986-01-01,21.59816,14.0375,5.176408,12.555469
1986-02-01,22.645031,15.500001,5.234928,16.740625
1986-03-01,15.56043,6.5125,11.296845,39.188282
1986-04-01,135.30003,105.100006,31.835192,77.61563
1986-05-01,31.406616,48.225,78.289406,120.6086
1986-06-01,106.43994,99.25,133.14368,138.8711
1986-07-01,116.043365,106.8125,128.63504,133.16406
1986-08-01,86.86136,71.6875,107.578995,111.09688
1986-09-01,88.17271,90.1125,59.76205,68.484375
1986-10-01,22.274137,11.2125,30.5526,48.31953
1986-11-01,54.666645,46.9625,17.34773,18.64297
1986-12-01,12.883244,8.2375,5.0249825,12.935938
1987-01-01,21.470776,20.075,4.898923,8.750782
1987-02-01,25.551867,17.5625,9.1105175,28.15469
1987-03-01,36.206722,22.250002,12.711987,44.134377
1987-04-01,11.142725,6.9625,38.86827,119.84766
1987-05-01,116.72909,119.2125,79.76514,128.21797
1987-06-01,33.931297,32.3,141.97752,154.85078
1987-07-01,134.59795,168.82501,127.6186,138.11017
1987-08-01,112.04105,78.4375,114.96465,113.76016
1987-09-01,54.710728,55.550003,63.396725,85.225006
1987-10-01,35.196796,23.975,36.879795,50.98281
1987-11-01,28.44914,17.1,18.616035,25.871876
1987-12-01,23.350344,18.775002,6.5546436,9.892188
1988-01-01,29.494225,20.6375,4.5437107,10.272657
1988-02-01,13.886438,3.5375,6.502954,16.740625
1988-03-01,73.58725,41.325,13.527021,35.764065
1988-04-01,8.594056,4.1625004,27.740522,99.302345
1988-05-01,43.65184,42.425,77.85255,148.38281
1988-06-01,64.325676,67.4875,144.06102,170.83047
1988-07-01,37.71524,74.3,129.61198,161.31876
1988-08-01,114.82633,150.8875,108.96339,123.27188
1988-09-01,125.5658,88.95,66.37193,82.18125
1988-10-01,39.695293,18.4125,38.84509,47.178123
1988-11-01,57.399174,39.5125,14.733277,17.121094
1988-12-01,42.748394,28.775002,6.3396,11.033594
1989-01-01,42.20871,42.9625,4.915724,13.696875
1989-02-01,10.641046,5.025,5.569029,14.077343
1989-03-01,42.441196,27.1625,9.097752,26.632812
1989-04-01,34.045315,28.65,20.85321,66.58203
1989-05-01,80.25088,74.675,72.95685,130.88126
1989-06-01,140.63495,115.787506,121.935844,134.30547
1989-07-01,64.853775,42.9125,144.6822,155.23126
1989-08-01,69.074326,113.012505,111.23736,128.21797
1989-09-01,72.83209,63.8375,69.79486,90.93204
1989-10-01,35.454002,22.0125,34.64318,66.58203
1989-11-01,31.379635,26.2625,19.10033,17.882032
1989-12-01,19.130602,7.9624996,5.560126,9.511719
1990-01-01,28.128405,13.4375,6.0163074,18.64297
1990-02-01,21.56623,14.7125,7.707083,24.730469
1990-03-01,59.164253,40.225,12.642208,40.32969
1990-04-01,50.149265,41.025,26.163267,73.81094
1990-05-01,42.26714,28.45,64.469864,120.22813
1990-06-01,195.50356,124.975006,112.84955,127.45703
1990-07-01,45.78618,52.35,130.28194,137.72969
1990-08-01,38.98965,51.412502,104.79049,133.54453
1990-09-01,36.3119,47.137497,68.352455,93.595314
1990-10-01,38.05939,56.05,35.67886,61.25547
1990-11-01,16.801945,5.5125003,18.285408,31.578907
1990-12-01,29.864552,20.1625,6.0799804,13.696875
1991-01-01,28.052963,11.9375,3.9214303,12.935938
1991-02-01,28.94701,24.587502,7.6543856,23.969532
1991-03-01,25.24183,16.5625,12.767371,42.232033
1991-04-01,77.831535,73.912506,31.358862,89.41016
1991-05-01,78.87088,93.2,78.70274,114.90156
1991-06-01,119.83032,90.100006,135.16917,138.49062
1991-07-01,113.08301,101.6875,132.82704,132.02266
1991-08-01,53.02475,52.537502,112.32203,141.15392
1991-09-01,160.72188,124.8375,76.58838,74.57188
1991-10-01,33.863716,38.037502,34.435528,48.7
1991-11-01,60.70283,29.7625,14.019267,15.21875
1991-12-01,29.67987,16.6,5.8103356,8.370313
1992-01-01,20.953941,12.5625,4.5976386,12.175
1992-02-01,27.715378,19.3375,7.629243,19.403906
1992-03-01,23.996021,20.475,12.954692,38.807816
1992-04-01,62.7294,34.825,23.685228,58.211716
1992-05-01,62.468147,47.8375,81.18751,135.0664
1992-06-01,124.40339,95.7375,112.690575,122.51093
1992-07-01,119.25863,102.4625,109.12887,114.140625
1992-08-01,139.18185,128.82501,101.45492,106.91172
1992-09-01,115.208984,68.037506,71.9621,80.65938
1992-10-01,10.896059,4.4125004,33.44269,56.689846
1992-11-01,53.88653,29.8625,15.983717,18.2625
1992-12-01,44.213478,25.9375,6.284103,9.511719
1993-01-01,23.72034,18.650002,3.4080706,12.5554695
1993-02-01,4.635327,1.5625,6.614172,19.784374
1993-03-01,19.213823,11.775001,9.731567,31.959377
1993-04-01,40.97611,41.4625,29.518885,78.757034
1993-05-01,76.68969,78.3,67.17005,114.521095
1993-06-01,152.58731,103.5125,111.33849,111.85782
1993-07-01,155.42543,177.1875,107.4653,112.23828
1993-08-01,94.71317,118.649994,111.82442,105.00938
1993-09-01,64.71423,36.300003,67.53748,70.006256
1993-10-01,33.80764,13.700001,36.27689,51.74375
1993-11-01,31.593884,27.0125,16.408373,19.784374
1993-12-01,23.552605,17.050001,5.0961027,11.033594
1994-01-01,16.900887,16.825,3.4754395,11.794531
1994-02-01,19.67134,13.5,4.747778,16.360157
1994-03-01,27.866665,15.8,14.049622,42.612503
1994-04-01,53.49311,36.4875,32.129917,82.56172
1994-05-01,74.36493,45.550003,78.64742,130.88126
1994-06-01,169.09792,151.90001,126.15988,127.83751
1994-07-01,133.28651,130.01251,123.22022,122.13047
1994-08-01,112.95318,76.962494,107.77528,107.67266
1994-09-01,117.716,75.3875,67.14195,82.18125
1994-10-01,74.02904,71.0,41.898926,49.08047
1994-11-01,54.408623,42.7875,24.343739,29.676563
1994-12-01,13.600716,7.825,6.2804074,14.077343
1995-01-01,32.63403,18.9875,5.220536,10.653126
1995-02-01,35.19623,18.0625,7.635067,15.21875
1995-03-01,28.126297,36.3625,9.75475,26.632812
1995-04-01,33.96833,17.7,26.35366,59.733593
1995-05-01,60.108612,52.9125,71.48615,119.84766
1995-06-01,67.16623,67.425,131.85072,148.00235
1995-07-01,179.12044,172.05002,117.796776,125.55469
1995-08-01,103.72873,103.7375,121.153984,116.80391
1995-09-01,114.3514,80.3875,73.62946,82.56172
1995-10-01,69.62633,73.75,38.639336,39.94922
1995-11-01,57.201294,34.8,15.40288,16.360157
1995-12-01,42.056614,32.1125,4.6113596,11.033594
1996-01-01,44.36696,32.137497,2.719374,6.8484373
1996-02-01,40.682846,28.875,7.166451,10.653126
1996-03-01,20.104385,12.975,11.298972,24.35
1996-04-01,41.992275,21.4625,15.748684,53.265625
1996-05-01,95.79951,64.2375,53.819633,111.47734
1996-06-01,65.812805,62.662506,116.99285,132.7836
1996-07-01,129.83124,110.8,127.202576,127.83751
1996-08-01,45.152744,52.9625,110.84915,122.8914
1996-09-01,77.55132,89.925,70.6257,76.09375
1996-10-01,93.46177,79.52501,40.16407,47.178123
1996-11-01,76.15698,53.950005,13.717928,12.935938
1996-12-01,42.901142,27.775,4.671616,7.609375
1997-01-01,29.886915,33.2,3.817212,7.989844
1997-02-01,11.715713,5.275,6.8754144,14.077343
1997-03-01,41.5794,24.4125,10.909263,25.871876
1997-04-01,55.362484,34.6125,21.109697,61.25547
1997-05-01,76.69058,46.5875,62.128586,109.194534
1997-06-01,120.34488,128.275,129.0506,144.57812
1997-07-01,113.6909,117.05,124.58324,117.94531
1997-08-01,64.01734,52.5625,103.60815,115.282036
1997-09-01,82.125916,73.4,79.31035,90.1711
1997-10-01,86.17927,67.9375,41.029003,36.525
1997-11-01,40.958355,26.150002,14.909961,15.21875
1997-12-01,11.128949,7.0125,7.0655937,14.838282
1998-01-01,22.490496,14.9125,4.457078,7.2289066
1998-02-01,35.261868,23.225,6.495226,21.686718
1998-03-01,19.952528,14.2625,14.842254,32.720314
1998-04-01,33.411144,20.300001,40.83138,102.72656
1998-05-01,148.05666,113.075,100.79286,123.65234
1998-06-01,141.02156,146.875,105.94824,103.4875
1998-07-01,77.71378,73.162506,133.92903,128.59843
1998-08-01,86.063736,53.675,111.79002,126.6961
1998-09-01,45.655632,34.1875,81.29077,95.49765
1998-10-01,107.81225,116.7125,33.992,37.66641
1998-11-01,54.362034,39.9625,18.447025,15.979688
1998-12-01,21.415588,14.912501,7.4023266,4.1851563
1999-01-01,35.89652,24.8125,4.905644,7.228906
1999-02-01,29.09773,10.55,9.19648,18.2625
1999-03-01,60.60413,29.975002,14.938688,41.851562
1999-04-01,56.93348,38.425003,34.271336,82.18125
1999-05-01,132.69157,134.2,79.69199,105.77032
1999-06-01,91.06019,124.05,121.9578,118.70625
1999-07-01,148.6632,136.9,136.16011,124.032814
1999-08-01,154.27557,115.225006,106.86841,103.4875
1999-09-01,132.40056,109.4875,68.32541,68.86484
1999-10-01,25.41216,17.7125,35.315804,49.841408
1999-11-01,4.5435157,1.7875001,18.105196,34.622658
1999-12-01,18.36597,8.85,8.599512,9.892188
2000-01-01,16.8675,6.3500004,5.23,7.228906
2000-02-01,19.362114,22.525002,6.463025,14.838282
2000-03-01,37.934517,29.175001,15.242606,44.134377
2000-04-01,46.260063,37.7875,36.274815,72.28906
2000-05-01,77.714935,63.075005,84.10436,112.61875
2000-06-01,143.33273,145.6,110.9666,104.24844
2000-07-01,73.13694,63.725002,125.30721,120.98906
2000-08-01,194.42656,118.274994,114.867386,106.53125
2000-09-01,63.560886,58.625,71.803894,84.464066
2000-10-01,54.595493,65.2375,33.622566,49.460938
2000-11-01,86.63234,84.1625,22.263815,12.5554695
2000-12-01,25.424234,18.4,5.006558,11.794531
2001-01-01,15.3636,7.3125,4.949435,9.13125
2001-02-01,28.303272,20.800001,6.405961,14.077343
2001-03-01,14.791582,5.0625,11.810429,31.578907
2001-04-01,100.326775,71.912506,23.42421,63.918755
2001-05-01,128.87762,104.8,75.142715,113.760155
2001-06-01,87.85952,81.5,122.534,119.84766
2001-07-01,136.6883,109.5,132.79987,129.73985
2001-08-01,91.28554,93.7125,126.04515,118.32578
2001-09-01,46.0634,50.875,64.72322,82.181244
2001-10-01,90.24595,67.175,38.994045,43.753906
2001-11-01,44.196304,29.125,17.825417,28.154688
2001-12-01,24.709843,11.6,10.836518,7.989844
2002-01-01,14.583408,7.0625,5.363675,4.565625
2002-02-01,13.781177,6.2125,11.6035595,22.067188
2002-03-01,29.262634,14.8,14.584426,28.535158
2002-04-01,66.00494,35.025,28.074287,57.070312
2002-05-01,71.81188,51.4125,63.14981,107.67265
2002-06-01,117.94694,177.0,132.73224,125.935165
2002-07-01,113.7494,119.6375,141.21239,138.8711
2002-08-01,115.62501,132.7375,115.72721,103.10703
2002-09-01,40.170147,42.237503,84.33614,83.703125
2002-10-01,42.951473,36.2875,32.62844,28.915627
2002-11-01,22.298286,6.6125,13.052806,18.64297
2002-12-01,23.597902,12.2125,7.197869,11.033594
2003-01-01,13.931737,4.4375,5.575582,8.370313
2003-02-01,13.643824,5.1625004,6.6716847,13.696875
2003-03-01,26.284973,15.075001,9.64779,25.110939
2003-04-01,50.63425,23.474998,32.08691,76.85469
2003-05-01,73.932045,77.7625,79.023636,123.65234
2003-06-01,139.53696,127.975006,119.80184,127.8375
2003-07-01,90.395706,85.475006,132.61565,134.30548
2003-08-01,40.932026,40.3,117.91483,133.16406
2003-09-01,85.70929,67.6,76.07289,88.649216
2003-10-01,49.36583,29.5875,32.666965,52.504684
2003-11-01,34.024326,19.975,14.991442,16.360157
2003-12-01,28.490953,15.25,6.023755,11.033594
2004-01-01,34.27731,21.225,4.3914447,6.8484373
2004-02-01,20.331282,9.925,7.177036,15.599218
2004-03-01,43.573803,26.6875,11.557081,31.959375
2004-04-01,36.816338,21.075,31.839668,82.942184
2004-05-01,110.33726,117.725,64.06156,89.79063
2004-06-01,52.59502,38.5875,116.43798,122.13047
2004-07-01,70.72206,116.450005,115.65912,124.413284
2004-08-01,102.49692,70.75,93.06859,97.4
2004-09-01,167.12862,131.1,74.76808,77.61563
2004-10-01,101.860825,81.9875,36.53808,38.427345
2004-11-01,7.1835876,8.325,21.905521,28.535156
2004-12-01,37.764187,30.9375,9.216305,6.467969
2005-01-01,45.32607,37.3875,3.4773996,4.1851563
2005-02-01,14.362186,12.700001,7.5417676,15.21875
2005-03-01,15.931644,7.2625,11.395013,36.14453
2005-04-01,42.690132,25.1875,37.0329,88.26875
2005-05-01,136.41342,101.075,67.21687,92.45391
2005-06-01,150.81097,166.3625,112.74942,112.99922
2005-07-01,77.3728,47.375,142.47174,133.92502
2005-08-01,81.89018,95.33751,107.69878,109.955475
2005-09-01,41.491722,54.987503,77.72765,89.41016
2005-10-01,77.6497,78.662506,35.69913,43.753906
2005-11-01,89.8484,74.2875,24.09291,19.023438
2005-12-01,32.051968,21.9625,4.8442106,6.467969
2006-01-01,22.352982,9.4375,6.595636,9.892187
2006-02-01,28.577576,19.7,6.701365,17.882032
2006-03-01,60.362007,41.949997,10.071997,35.003128
2006-04-01,53.49749,32.65,40.404205,99.30234
2006-05-01,66.35355,67.0625,75.89671,109.955475
2006-06-01,41.66295,38.3875,127.83146,151.04608
2006-07-01,39.708744,45.9,135.14056,165.88437
2006-08-01,81.40934,62.350002,104.74401,128.97891
2006-09-01,73.04011,73.712494,71.21544,88.26875
2006-10-01,48.60866,37.162502,35.598606,43.373436
2006-11-01,31.454674,14.275,17.482187,24.730469
2006-12-01,29.86787,22.7,7.2455807,13.696875
2007-01-01,12.95269,3.4625,7.400758,9.892188
2007-02-01,34.50137,21.075,7.620506,12.5554695
2007-03-01,58.134712,39.012497,11.032018,30.81797
2007-04-01,62.587505,49.7,28.3609,75.71328
2007-05-01,84.503914,88.762505,73.604996,114.140625
2007-06-01,124.035645,129.8875,132.90031,130.12033
2007-07-01,68.46746,82.3,135.73732,145.71953
2007-08-01,72.3061,43.1375,109.205696,113.76016
2007-09-01,114.5112,87.8375,70.000175,79.89844
2007-10-01,119.45571,90.25001,37.072884,45.27578
2007-11-01,21.259192,8.762501,22.471073,27.013283
2007-12-01,39.8508,30.212502,4.3456917,9.13125
2008-01-01,7.2952523,2.025,4.0954804,7.989844
2008-02-01,19.863472,9.0125,6.083901,15.599218
2008-03-01,24.349487,8.35,14.332538,31.578907
2008-04-01,80.42113,63.45,24.276089,69.245316
2008-05-01,48.449917,50.4,59.481377,115.28203
2008-06-01,132.3654,122.9,120.44725,131.6422
2008-07-01,136.0278,79.975006,132.7995,132.02266
2008-08-01,44.50415,48.25,118.12135,128.59845
2008-09-01,128.20886,106.075005,72.195625,77.23515
2008-10-01,109.82309,102.55,38.737114,48.319534
2008-11-01,50.941853,38.4125,18.41964,12.935938
2008-12-01,49.309757,40.037502,5.807424,9.511719
2009-01-01,20.511173,13.1125,2.3574965,9.511719
2009-02-01,33.701813,28.1625,6.661268,15.599218
2009-03-01,92.29927,59.4125,9.899065,27.393751
2009-04-01,33.992313,29.087502,26.19966,70.76718
2009-05-01,75.57945,48.0,69.08904,115.6625
2009-06-01,73.880745,84.8625,113.49077,124.413284
2009-07-01,68.17355,66.0125,117.1385,127.45704
2009-08-01,80.04083,68.90001,99.80273,104.248436
2009-09-01,32.557537,35.1625,76.261055,89.41016
2009-10-01,83.217926,92.9,28.673105,32.339844
2009-11-01,25.920324,19.3125,15.800709,31.959375
2009-12-01,49.41745,34.4375,9.118023,11.4140625
2010-01-01,27.620731,20.225,4.2416973,8.370313
2010-02-01,13.515144,10.200001,6.2064295,24.35
2010-03-01,33.392258,20.075,9.561324,49.841408
2010-04-01,31.687483,25.0375,39.67905,110.33594
2010-05-01,83.62852,92.625,89.83705,117.18437
2010-06-01,98.849525,107.37501,101.947685,114.52109
2010-07-01,176.68834,142.075,141.33885,135.0664
2010-08-01,136.7716,106.287506,120.34632,117.94531
2010-09-01,137.50163,136.35,75.75985,74.19141
2010-10-01,75.476295,62.275,43.750416,63.157814
2010-11-01,42.389492,27.75,19.73454,22.447655
2010-12-01,34.914642,31.337502,5.8448324,12.935938
2011-01-01,40.656593,28.2625,2.6693082,11.033594
2011-02-01,8.272112,11.575001,6.537731,14.077343
2011-03-01,18.887505,22.7875,12.929659,28.915627
2011-04-01,98.4779,70.137505,26.30231,66.9625
2011-05-01,92.47988,76.25,60.117817,105.77032
2011-06-01,132.28583,119.475006,109.29681,121.75
2011-07-01,103.83795,94.9875,148.14182,136.20781
2011-08-01,81.11956,90.1875,120.59128,126.31563
2011-09-01,51.206593,44.512505,73.92846,92.83438
2011-10-01,20.272203,31.025002,41.065353,63.538284
2011-11-01,14.677731,13.875,18.77967,31.959375
2011-12-01,18.684837,12.3125,8.977461,16.740625
2012-01-01,25.387772,14.8375,8.581984,13.696875
2012-02-01,25.909468,19.962502,9.961675,22.828125
2012-03-01,53.05683,36.5875,13.024547,62.016407
2012-04-01,72.4475,49.9375,42.2403,83.703125
2012-05-01,87.75352,96.27501,87.78584,124.032814
2012-06-01,76.96303,105.1875,130.15823,151.42657
2012-07-01,94.88747,98.3125,143.0976,154.08984
2012-08-01,57.918278,53.0875,114.818275,130.88126
2012-09-01,19.311308,15.0,67.42474,112.61875
2012-10-01,83.92485,62.612503,31.754152,46.03672
2012-11-01,33.400288,25.575,18.29095,18.2625
2012-12-01,18.462158,20.2875,6.188958,6.8484373
2013-01-01,51.70892,26.55,6.0063953,7.989844
2013-02-01,47.480835,21.575,5.146055,14.077343
2013-03-01,45.671524,29.300001,12.16077,30.057032
2013-04-01,58.84012,61.600002,16.090176,49.080467
2013-05-01,105.07899,132.25,44.809845,102.34609
2013-06-01,94.641785,120.8125,117.39576,128.21797
2013-07-01,97.298965,86.925,135.35164,132.40314
2013-08-01,74.80225,52.737503,103.59297,124.032814
2013-09-01,98.75116,67.024994,74.667274,88.26875
2013-10-01,69.44247,86.600006,40.424473,39.94922
2013-11-01,30.617758,17.4625,19.781693,18.64297
2013-12-01,40.727985,35.100002,4.524727,8.750782
2014-01-01,30.250917,24.525002,3.953127,9.13125
2014-02-01,28.942627,18.2375,4.81229,15.979688
2014-03-01,33.750515,28.175,11.1899395,26.632812
2014-04-01,62.884575,76.450005,22.818947,60.114063
2014-05-01,117.23943,91.5875,52.71835,106.53125
2014-06-01,193.67644,199.9875,112.15868,115.28203
2014-07-01,114.790535,90.725,133.85466,128.97891
2014-08-01,69.187935,82.0625,99.75793,104.24844
2014-09-01,62.924126,64.525,70.02155,80.27891
2014-10-01,49.05937,29.962502,39.21374,52.88516
2014-11-01,19.080526,21.3625,19.503592,15.599218
2014-12-01,15.753613,14.35,4.540743,8.370313
2015-01-01,27.149849,15.575,6.3441358,7.989844
2015-02-01,21.369722,13.6,7.023649,17.121094
2015-03-01,19.45709,12.225,12.664049,44.89531
2015-04-01,25.92786,25.599998,32.733273,95.11719
2015-05-01,113.99347,135.4125,71.93281,107.29219
2015-06-01,126.00087,90.4375,115.18217,130.5008
2015-07-01,103.6318,113.825,143.80205,131.6422
2015-08-01,91.32403,88.675,113.477,109.955475
2015-09-01,56.60853,52.275,78.1041,88.649216
2015-10-01,59.51285,58.637505,39.027706,54.407036
2015-11-01,76.869026,60.3875,20.763891,20.545313
2015-12-01,41.336872,32.2625,6.9706726,9.511719
2016-01-01,24.625895,14.200001,5.2788334,7.2289066
2016-02-01,21.666306,12.400001,8.52223,19.403906
2016-03-01,43.553066,35.8375,13.176792,46.03672
2016-04-01,60.688408,57.925,32.04306,62.396877
2016-05-01,54.686733,66.7875,83.32421,130.12033
2016-06-01,145.88626,114.3375,124.1928,128.97891
2016-07-01,99.95693,133.4125,132.92746,126.69609
2016-08-01,79.68315,111.912506,115.46989,110.33594
2016-09-01,52.817135,91.825,72.37023,76.47422
2016-10-01,47.37557,49.8375,37.270847,43.373436
2016-11-01,37.85032,47.35,19.535007,27.77422
2016-12-01,53.436802,43.487503,12.011753,9.13125
2017-01-01,34.3175,21.0375,3.7795236,5.326563
2017-02-01,24.9792,20.675,7.2042522,17.121094
2017-03-01,23.225636,16.1875,13.86129,35.003128
2017-04-01,63.267216,49.475002,32.902897,74.95235
2017-05-01,52.895737,51.275,73.986755,116.04297
2017-06-01,115.917465,105.5,132.64146,144.19766
2017-07-01,61.18847,58.862503,131.00026,132.7836
2017-08-01,85.46044,92.9375,104.897896,103.4875
2017-09-01,169.75906,95.575,71.277275,75.71329
2017-10-01,68.148605,44.5625,45.234272,49.841408
2017-11-01,34.189957,24.55,17.776752,17.882032
2017-12-01,41.287117,21.75,6.6751566,6.467969
2018-01-01,19.405228,13.012501,4.4534383,6.467969
2018-02-01,32.069473,20.075,6.0970607,17.882032
2018-03-01,26.711452,27.7875,17.85112,36.90547
2018-04-01,15.476641,15.575,27.910486,58.211716
2018-05-01,77.02055,60.8625,76.74328,138.8711
2018-06-01,105.68575,112.4625,131.54,127.07657
2018-07-01,106.910904,94.100006,141.94795,133.54454
2018-08-01,80.737564,82.287506,110.69337,113.76016
2018-09-01,97.60534,83.6375,75.69522,63.538284
2018-10-01,115.04887,97.875,28.885288,30.81797
2018-11-01,26.212778,21.4375,15.916967,12.175
2018-12-01,34.039803,23.575,7.6411705,11.033594
2019-01-01,24.22429,16.1,4.2992673,4.9460936
2019-02-01,55.521137,33.300003,4.627768,15.599218
2019-03-01,41.532,25.075,9.936699,26.632812
2019-04-01,62.731102,48.325,21.05935,66.20157
2019-05-01,61.679123,75.375,57.211502,104.24844
2019-06-01,82.046486,78.8125,127.41469,136.96875
2019-07-01,65.249054,126.925,134.22836,130.50078
2019-08-01,87.666405,106.05,109.91933,107.67265
2019-09-01,131.45457,140.54999,61.223885,64.299225
2019-10-01,114.18011,120.275,38.329765,39.188282
2019-11-01,36.210285,31.9125,13.3682575,18.64297
2019-12-01,58.639633,41.075005,5.4042187,9.511719
2020-01-01,29.5986,24.15,4.6437836,8.370313
2020-02-01,8.510351,4.075,6.9662495,20.164843
2020-03-01,19.990776,16.3875,13.5378275,38.427345
2020-04-01,42.970432,34.8875,29.330498,69.245316
2020-05-01,31.763489,33.2625,61.21768,111.47734
2020-06-01,130.5543,103.5125,142.07268,148.38281
2020-07-01,72.1083,146.3,143.10213,137.34923
2020-08-01,76.55088,121.55,111.75385,117.56485
2020-09-01,39.972588,31.775002,70.521935,85.225
2020-10-01,42.964024,44.4125,38.736557,40.32969
2020-11-01,13.07278,18.1375,15.863709,27.013283
2020-12-01,25.02612,20.050001,5.5506053,14.838282
2021-01-01,23.908018,11.4125,4.6893682,8.750782
2021-02-01,6.3629627,6.5875,7.3527102,13.696875
2021-03-01,12.078259,16.900002,17.579575,55.92891
2021-04-01,89.91534,62.3375,30.859543,76.47422
2021-05-01,28.857386,38.487503,79.74565,123.65234
2021-06-01,34.05309,68.58751,126.94894,173.11328
2021-07-01,42.107418,32.25,121.773,154.08984
2021-08-01,42.17905,120.350006,97.12912,127.8375
2021-09-01,89.95236,68.3375,69.10214,100.06328
2021-10-01,86.6266,87.012505,39.44116,50.602345
2021-11-01,54.704075,41.95,23.079689,27.393751
2021-12-01,47.931225,44.2125,8.709385,11.033594
2022-01-01,21.768003,19.4125,4.0902724,10.272656
2022-02-01,41.23339,23.5,6.1276927,19.023438
2022-03-01,25.245312,20.5625,13.976818,37.66641
2022-04-01,154.78229,92.125,16.229788,48.7
2022-05-01,157.18167,131.375,58.856297,108.81407
2022-06-01,74.47951,93.875,140.65858,148.38281
2022-07-01,90.04014,117.0625,134.13898,133.54453
2022-08-01,83.86869,84.462494,105.4914,110.7164
2022-09-01,22.726954,34.3875,30.968859,91.69297
2022-10-01,15.054862,17.6375,16.138224,64.299225
2022-11-01,25.463211,33.7125,9.359835,20.925781
2022-12-01,27.048069,47.737503,2.969809,8.370313
