date,p.ERA5_Land,p.CRUTS,e.ERA5_Land,e.CRUTS
1901-01-01,,158.59999,,29.676563
1901-02-01,,155.275,,40.32969
1901-03-01,,22.474998,,60.875
1901-04-01,,55.65,,92.07343
1901-05-01,,53.15,,108.81406
1901-06-01,,2.475,,158.27501
1901-07-01,,0.65000004,,183.38594
1901-08-01,,12.9,,163.60156
1901-09-01,,31.2,,117.18437
1901-10-01,,39.0,,80.65938
1901-11-01,,50.524998,,44.134377
1901-12-01,,41.45,,32.720314
1902-01-01,,26.55,,32.720314
1902-02-01,,120.200005,,41.090626
1902-03-01,,62.175003,,57.070312
1902-04-01,,30.375002,,81.42032
1902-05-01,,31.024998,,107.29219
1902-06-01,,0.45000002,,172.73282
1902-07-01,,1.95,,187.95157
1902-08-01,,4.225,,159.03593
1902-09-01,,0.47500002,,131.6422
1902-10-01,,21.725002,,76.85469
1902-11-01,,85.2,,38.046875
1902-12-01,,46.3,,28.915627
1903-01-01,,150.70001,,25.871876
1903-02-01,,25.15,,47.178123
1903-03-01,,117.05,,58.592194
1903-04-01,,18.85,,86.74688
1903-05-01,,7.65,,130.88126
1903-06-01,,5.35,,168.16719
1903-07-01,,0.025,,173.49376
1903-08-01,,0.575,,164.36252
1903-09-01,,1.65,,122.51095
1903-10-01,,11.425,,79.137505
1903-11-01,,61.100002,,42.612503
1903-12-01,,21.325,,32.720314
1904-01-01,,40.075,,38.046875
1904-02-01,,156.4,,44.895313
1904-03-01,,118.925,,56.309376
1904-04-01,,43.425003,,87.50781
1904-05-01,,12.825001,,136.96875
1904-06-01,,0.375,,172.73282
1904-07-01,,10.125,,183.38594
1904-08-01,,14.125,,170.45001
1904-09-01,,61.925,,118.70625
1904-10-01,,77.6,,73.05
1904-11-01,,21.900002,,52.504692
1904-12-01,,68.05,,31.198437
1905-01-01,,43.575,,34.242188
1905-02-01,,59.675003,,46.417187
1905-03-01,,104.2,,61.63594
1905-04-01,,29.550001,,95.11719
1905-05-01,,92.975,,113.379684
1905-06-01,,1.8499999,,162.07968
1905-07-01,,0.15,,193.27812
1905-08-01,,0.55,,171.21094
1905-09-01,,7.65,,126.31563
1905-10-01,,0.625,,84.464066
1905-11-01,,60.65,,51.74375
1905-12-01,,34.7,,31.959373
1906-01-01,,193.625,,38.80781
1906-02-01,,84.575,,46.41719
1906-03-01,,174.7,,60.114067
1906-04-01,,67.3,,86.74688
1906-05-01,,77.75,,107.29219
1906-06-01,,25.599998,,147.62189
1906-07-01,,7.175,,194.8
1906-08-01,,11.325,,165.12344
1906-09-01,,5.575,,129.35938
1906-10-01,,0.375,,84.464066
1906-11-01,,56.425003,,49.460938
1906-12-01,,239.2,,22.828125
1907-01-01,,138.75,,29.676563
1907-02-01,,52.025,,41.090626
1907-03-01,,152.325,,59.353127
1907-04-01,,35.45,,95.11719
1907-05-01,,15.625,,124.03282
1907-06-01,,34.775,,152.94844
1907-07-01,,0.1,,180.3422
1907-08-01,,7.6000004,,159.79688
1907-09-01,,1.1,,114.140625
1907-10-01,,23.525,,65.44063
1907-11-01,,5.4500003,,49.460938
1907-12-01,,116.2,,27.393751
1908-01-01,,125.40001,,29.676563
1908-02-01,,81.675,,46.417187
1908-03-01,,32.625,,73.05
1908-04-01,,21.45,,106.53125
1908-05-01,,53.000004,,113.379684
1908-06-01,,5.25,,157.51407
1908-07-01,,8.4,,198.60469
1908-08-01,,2.075,,172.73282
1908-09-01,,19.075,,127.07657
1908-10-01,,16.4,,73.05
1908-11-01,,30.575,,51.74375
1908-12-01,,39.699997,,28.15469
1909-01-01,,333.925,,25.871876
1909-02-01,,119.95,,37.285934
1909-03-01,,73.825,,60.114067
1909-04-01,,2.65,,111.85782
1909-05-01,,3.1749997,,127.8375
1909-06-01,,33.0,,162.84064
1909-07-01,,0.075,,183.38594
1909-08-01,,1.025,,165.88438
1909-09-01,,3.45,,123.27188
1909-10-01,,54.125,,73.05
1909-11-01,,110.425,,41.851566
1909-12-01,,251.97499,,29.676563
1910-01-01,,157.27501,,35.003124
1910-02-01,,27.425001,,46.417187
1910-03-01,,42.85,,74.57188
1910-04-01,,18.075,,108.81406
1910-05-01,,2.775,,146.86093
1910-06-01,,0.35,,169.68906
1910-07-01,,11.125,,200.12657
1910-08-01,,0.05,,172.73282
1910-09-01,,34.625,,129.35938
1910-10-01,,30.575,,83.703125
1910-11-01,,21.500002,,49.460938
1910-12-01,,68.4,,31.959373
1911-01-01,,303.45,,35.003128
1911-02-01,,100.15001,,41.090626
1911-03-01,,143.925,,66.96251
1911-04-01,,44.825,,90.55157
1911-05-01,,21.4,,117.94531
1911-06-01,,4.125,,166.64532
1911-07-01,,14.050001,,194.80002
1911-08-01,,0.025,,164.36252
1911-09-01,,7.6,,115.662506
1911-10-01,,6.6000004,,77.61563
1911-11-01,,20.35,,50.98281
1911-12-01,,70.62501,,34.242188
1912-01-01,,48.875,,30.4375
1912-02-01,,2.525,,51.74375
1912-03-01,,98.700005,,63.918747
1912-04-01,,66.75,,82.18125
1912-05-01,,46.274998,,117.94531
1912-06-01,,11.125001,,158.27501
1912-07-01,,5.0,,183.38594
1912-08-01,,1.975,,163.60156
1912-09-01,,19.275002,,120.989075
1912-10-01,,28.95,,75.33282
1912-11-01,,34.4,,49.460938
1912-12-01,,18.025002,,36.525
1913-01-01,,86.525,,35.76406
1913-02-01,,47.725002,,50.982815
1913-03-01,,38.800003,,70.00625
1913-04-01,,30.150002,,95.11719
1913-05-01,,60.85,,126.31563
1913-06-01,,45.9,,146.1
1913-07-01,,54.2,,178.05939
1913-08-01,,27.65,,163.60156
1913-09-01,,6.1000004,,129.35938
1913-10-01,,3.55,,83.703125
1913-11-01,,87.77501,,38.807816
1913-12-01,,163.675,,30.4375
1914-01-01,,350.35,,26.632812
1914-02-01,,79.525,,42.612503
1914-03-01,,10.500001,,75.33281
1914-04-01,,55.775,,85.225006
1914-05-01,,21.900002,,126.31563
1914-06-01,,40.825,,154.4703
1914-07-01,,10.975,,187.95157
1914-08-01,,0.85,,174.25468
1914-09-01,,8.625,,119.46719
1914-10-01,,21.2,,74.57188
1914-11-01,,4.4500003,,57.83125
1914-12-01,,92.200005,,30.4375
1915-01-01,,121.15,,31.198437
1915-02-01,,164.8,,36.525
1915-03-01,,43.600002,,67.723434
1915-04-01,,63.675003,,82.18125
1915-05-01,,87.475006,,101.96563
1915-06-01,,0.175,,160.55782
1915-07-01,,3.875,,186.4297
1915-08-01,,1.55,,179.58127
1915-09-01,,5.6000004,,124.793755
1915-10-01,,0.1,,92.83437
1915-11-01,,14.225,,47.93906
1915-12-01,,125.475,,31.198437
1916-01-01,,315.725,,25.871876
1916-02-01,,72.05,,42.612503
1916-03-01,,74.9,,70.76719
1916-04-01,,9.099999,,103.4875
1916-05-01,,6.95,,126.31563
1916-06-01,,0.15,,170.45001
1916-07-01,,0.87500006,,194.03906
1916-08-01,,31.725002,,166.64532
1916-09-01,,23.725,,130.12032
1916-10-01,,87.125,,69.245316
1916-11-01,,19.325,,50.221878
1916-12-01,,139.9,,31.198437
1917-01-01,,47.7,,31.959375
1917-02-01,,160.5,,47.178123
1917-03-01,,27.75,,63.157814
1917-04-01,,22.1,,91.3125
1917-05-01,,43.15,,106.53126
1917-06-01,,0.025,,178.05939
1917-07-01,,8.075001,,201.64844
1917-08-01,,2.65,,174.25468
1917-09-01,,5.025,,127.8375
1917-10-01,,0.675,,96.63907
1917-11-01,,21.575,,54.787502
1917-12-01,,20.250002,,35.003128
1918-01-01,,17.2,,31.959373
1918-02-01,,173.67499,,44.895313
1918-03-01,,155.8,,60.875
1918-04-01,,12.025,,98.921875
1918-05-01,,34.25,,121.75
1918-06-01,,12.775001,,183.38594
1918-07-01,,6.1000004,,184.14688
1918-08-01,,2.8250003,,162.84064
1918-09-01,,45.45,,109.575
1918-10-01,,32.225002,,74.57188
1918-11-01,,62.25,,44.134377
1918-12-01,,67.274994,,31.198437
1919-01-01,,19.4,,38.80781
1919-02-01,,146.95,,36.525
1919-03-01,,84.4,,58.592194
1919-04-01,,19.900002,,98.16094
1919-05-01,,27.800001,,135.44688
1919-06-01,,0.025,,170.45001
1919-07-01,,0.275,,194.8
1919-08-01,,0.6,,172.73282
1919-09-01,,30.475002,,122.51094
1919-10-01,,9.75,,73.05
1919-11-01,,17.15,,50.221878
1919-12-01,,107.950005,,31.959373
1920-01-01,,28.375002,,36.525
1920-02-01,,58.85,,47.939064
1920-03-01,,131.25002,,60.875
1920-04-01,,48.025,,91.3125
1920-05-01,,4.625,,130.88126
1920-06-01,,18.975,,156.75313
1920-07-01,,0.075,,187.95157
1920-08-01,,54.575,,166.64532
1920-09-01,,2.875,,114.901566
1920-10-01,,62.850002,,69.245316
1920-11-01,,51.4,,41.090626
1920-12-01,,97.825005,,25.871876
1921-01-01,,150.475,,28.915627
1921-02-01,,39.425,,50.221878
1921-03-01,,43.175,,66.96251
1921-04-01,,5.275,,97.40001
1921-05-01,,88.450005,,109.575
1921-06-01,,7.325,,162.84064
1921-07-01,,0.4,,196.32187
1921-08-01,,0.575,,167.40625
1921-09-01,,15.1,,125.554695
1921-10-01,,8.075001,,89.02969
1921-11-01,,10.025001,,55.54844
1921-12-01,,241.57501,,30.4375
1922-01-01,,134.47499,,34.242188
1922-02-01,,133.375,,41.851566
1922-03-01,,96.450005,,63.918747
1922-04-01,,13.625001,,92.83437
1922-05-01,,51.850002,,132.40314
1922-06-01,,19.6,,169.68906
1922-07-01,,27.400002,,196.32188
1922-08-01,,18.525,,161.31876
1922-09-01,,0.025,,140.77344
1922-10-01,,20.825,,80.65938
1922-11-01,,67.925,,47.93906
1922-12-01,,166.5,,29.676563
1923-01-01,,136.725,,29.676563
1923-02-01,,23.1,,51.74375
1923-03-01,,11.575001,,76.85469
1923-04-01,,117.774994,,85.98595
1923-05-01,,23.675,,126.31563
1923-06-01,,32.250004,,142.29532
1923-07-01,,1.675,,187.95157
1923-08-01,,5.2250004,,168.92813
1923-09-01,,42.825005,,122.51094
1923-10-01,,14.775001,,74.57188
1923-11-01,,38.025,,54.787502
1923-12-01,,39.175,,34.242188
1924-01-01,,48.425003,,38.046875
1924-02-01,,28.525002,,54.02656
1924-03-01,,89.8,,66.9625
1924-04-01,,16.199999,,105.00938
1924-05-01,,4.675,,149.14377
1924-06-01,,0.1,,175.77657
1924-07-01,,0.025,,193.27812
1924-08-01,,0.025,,170.45
1924-09-01,,0.85,,136.96875
1924-10-01,,64.725,,75.33281
1924-11-01,,53.175003,,50.221878
1924-12-01,,122.575005,,33.48125
1925-01-01,,33.225002,,35.003128
1925-02-01,,121.274994,,44.134377
1925-03-01,,76.075005,,71.52813
1925-04-01,,93.3,,89.02969
1925-05-01,,63.5,,120.98906
1925-06-01,,27.650002,,168.16719
1925-07-01,,16.2,,188.71251
1925-08-01,,20.575,,158.27501
1925-09-01,,6.825,,108.81406
1925-10-01,,59.225002,,79.89844
1925-11-01,,22.775,,44.895313
1925-12-01,,44.8,,32.720314
1926-01-01,,70.25,,36.525
1926-02-01,,106.299995,,42.612503
1926-03-01,,16.0,,78.376564
1926-04-01,,86.200005,,92.83437
1926-05-01,,11.349999,,133.92502
1926-06-01,,9.925,,186.42969
1926-07-01,,5.7000003,,197.08281
1926-08-01,,1.325,,171.21094
1926-09-01,,0.025,,126.31563
1926-10-01,,7.8,,86.74687
1926-11-01,,185.175,,50.221878
1926-12-01,,75.850006,,31.959375
1927-01-01,,77.75,,31.959373
1927-02-01,,141.125,,39.56875
1927-03-01,,44.95,,63.918747
1927-04-01,,49.725,,93.59531
1927-05-01,,12.25,,133.92502
1927-06-01,,17.15,,165.88438
1927-07-01,,3.5,,200.12657
1927-08-01,,3.675,,168.92813
1927-09-01,,4.85,,115.662506
1927-10-01,,84.15,,89.79063
1927-11-01,,66.225,,41.090626
1927-12-01,,62.0,,34.242188
1928-01-01,,27.199999,,31.959373
1928-02-01,,41.050003,,50.98281
1928-03-01,,114.524994,,67.723434
1928-04-01,,28.7,,97.399994
1928-05-01,,13.85,,141.53438
1928-06-01,,6.85,,171.97188
1928-07-01,,0.275,,195.56094
1928-08-01,,0.2,,174.25468
1928-09-01,,0.075,,136.96875
1928-10-01,,3.725,,80.65938
1928-11-01,,50.425,,48.699997
1928-12-01,,60.625,,31.959373
1929-01-01,,48.8,,35.003128
1929-02-01,,53.375,,50.98281
1929-03-01,,71.950005,,72.28906
1929-04-01,,52.35,,88.26875
1929-05-01,,3.9500003,,137.72969
1929-06-01,,71.4,,159.03595
1929-07-01,,4.55,,193.27812
1929-08-01,,3.15,,175.77657
1929-09-01,,7.625,,131.6422
1929-10-01,,0.45000002,,89.79063
1929-11-01,,0.125,,58.59219
1929-12-01,,42.850002,,35.003128
1930-01-01,,135.375,,31.959375
1930-02-01,,68.275,,52.50469
1930-03-01,,62.9,,70.006256
1930-04-01,,48.975002,,95.11719
1930-05-01,,64.975006,,110.33594
1930-06-01,,2.3500001,,178.82031
1930-07-01,,2.225,,194.03906
1930-08-01,,2.075,,165.12344
1930-09-01,,28.675,,113.37969
1930-10-01,,7.925,,79.89844
1930-11-01,,60.175,,54.026566
1930-12-01,,3.65,,39.568752
1931-01-01,,78.55,,35.76406
1931-02-01,,72.5,,45.65625
1931-03-01,,29.575,,70.00625
1931-04-01,,57.925,,110.33594
1931-05-01,,54.25,,140.0125
1931-06-01,,36.725002,,152.94844
1931-07-01,,0.47500002,,206.975
1931-08-01,,13.3,,178.05939
1931-09-01,,13.475,,117.94531
1931-10-01,,14.625,,82.18126
1931-11-01,,87.725,,44.895313
1931-12-01,,266.175,,30.4375
1932-01-01,,97.65,,32.720314
1932-02-01,,105.75,,46.417187
1932-03-01,,17.025002,,70.006256
1932-04-01,,37.25,,92.07344
1932-05-01,,42.550003,,121.75
1932-06-01,,13.35,,171.97188
1932-07-01,,7.9000006,,190.99532
1932-08-01,,3.45,,171.97188
1932-09-01,,5.975001,,140.77344
1932-10-01,,2.6000001,,84.464066
1932-11-01,,9.575,,55.54844
1932-12-01,,55.725,,32.720314
1933-01-01,,204.1,,30.4375
1933-02-01,,17.375,,50.221874
1933-03-01,,51.725002,,66.20157
1933-04-01,,13.525,,97.399994
1933-05-01,,62.4,,103.4875
1933-06-01,,17.550001,,157.51407
1933-07-01,,2.2250001,,206.21407
1933-08-01,,2.5500002,,174.25468
1933-09-01,,0.47500002,,129.35938
1933-10-01,,28.625,,95.117195
1933-11-01,,6.125,,58.59219
1933-12-01,,163.5,,30.4375
1934-01-01,,39.425,,31.959373
1934-02-01,,80.325005,,44.134377
1934-03-01,,10.0,,82.18125
1934-04-01,,2.6750002,,114.901566
1934-05-01,,25.675001,,134.68594
1934-06-01,,38.85,,152.1875
1934-07-01,,6.1000004,,194.03906
1934-08-01,,5.525,,173.49376
1934-09-01,,10.725,,134.68594
1934-10-01,,67.25,,82.942184
1934-11-01,,83.625,,41.090626
1934-12-01,,108.55,,26.632814
1935-01-01,,178.475,,31.959373
1935-02-01,,58.725002,,44.134377
1935-03-01,,78.55,,61.63594
1935-04-01,,129.15,,80.65938
1935-05-01,,8.25,,120.98907
1935-06-01,,0.025,,178.05939
1935-07-01,,5.525,,185.66875
1935-08-01,,11.9,,174.25468
1935-09-01,,1.15,,133.16406
1935-10-01,,40.725002,,74.57188
1935-11-01,,37.2,,48.7
1935-12-01,,71.8,,35.003124
1936-01-01,,96.65,,33.48125
1936-02-01,,310.125,,41.090626
1936-03-01,,39.774998,,71.52812
1936-04-01,,27.075,,98.921875
1936-05-01,,9.75,,127.83751
1936-06-01,,36.525,,159.79688
1936-07-01,,28.599998,,194.8
1936-08-01,,4.65,,175.01562
1936-09-01,,2.9499998,,133.16406
1936-10-01,,60.875004,,79.89844
1936-11-01,,0.9,,58.592186
1936-12-01,,230.80002,,28.915627
1937-01-01,,128.9,,35.76406
1937-02-01,,197.1,,47.178123
1937-03-01,,100.675,,63.157814
1937-04-01,,23.475,,89.79063
1937-05-01,,2.2250001,,138.49063
1937-06-01,,4.25,,153.70938
1937-07-01,,16.125,,191.75626
1937-08-01,,0.025,,179.58127
1937-09-01,,0.3,,133.925
1937-10-01,,7.575,,84.464066
1937-11-01,,29.050001,,45.65625
1937-12-01,,236.95,,31.959373
1938-01-01,,94.675,,31.198437
1938-02-01,,215.57501,,36.525
1938-03-01,,217.675,,50.221878
1938-04-01,,78.225006,,85.225006
1938-05-01,,25.625,,121.75001
1938-06-01,,25.75,,165.12344
1938-07-01,,30.1,,185.66875
1938-08-01,,3.9,,165.12344
1938-09-01,,13.075,,127.07657
1938-10-01,,58.075,,66.9625
1938-11-01,,19.75,,47.93906
1938-12-01,,42.300003,,29.676563
1939-01-01,,91.12501,,34.242188
1939-02-01,,59.75,,46.417187
1939-03-01,,93.225,,66.96251
1939-04-01,,24.975,,108.05313
1939-05-01,,38.925003,,128.59843
1939-06-01,,11.825,,171.21094
1939-07-01,,4.925,,191.75626
1939-08-01,,6.125,,175.77657
1939-09-01,,49.15,,119.46719
1939-10-01,,49.625004,,75.33282
1939-11-01,,6.6000004,,58.59219
1939-12-01,,24.525002,,33.48125
1940-01-01,,270.95,,27.393751
1940-02-01,,143.35,,37.28594
1940-03-01,,73.525,,66.20157
1940-04-01,,28.550001,,91.3125
1940-05-01,,6.3750005,,139.25156
1940-06-01,,4.05,,183.38594
1940-07-01,,2.225,,188.71251
1940-08-01,,0.25,,173.49376
1940-09-01,,1.1500001,,105.77032
1940-10-01,,56.75,,76.09375
1940-11-01,,8.625,,42.612503
1940-12-01,,281.025,,28.915627
1941-01-01,,89.4,,28.915627
1941-02-01,,145.77501,,37.28594
1941-03-01,,91.8,,61.63594
1941-04-01,,96.875,,79.89844
1941-05-01,,14.7,,115.662506
1941-06-01,,8.975,,151.42656
1941-07-01,,8.474999,,182.625
1941-08-01,,21.225,,146.86095
1941-09-01,,0.3,,117.94531
1941-10-01,,61.824997,,69.245316
1941-11-01,,32.425003,,46.417187
1941-12-01,,262.2,,25.871876
1942-01-01,,85.450005,,33.48125
1942-02-01,,66.950005,,44.134377
1942-03-01,,44.15,,69.245316
1942-04-01,,74.75,,82.18125
1942-05-01,,66.825005,,112.618744
1942-06-01,,2.75,,162.84064
1942-07-01,,2.05,,193.27812
1942-08-01,,3.5750003,,171.21094
1942-09-01,,1.85,,128.59843
1942-10-01,,8.5,,84.464066
1942-11-01,,91.5,,46.417187
1942-12-01,,80.4,,28.915627
1943-01-01,,236.25002,,34.242188
1943-02-01,,55.55,,49.460938
1943-03-01,,166.15001,,63.918747
1943-04-01,,38.525,,95.11719
1943-05-01,,5.125,,134.68594
1943-06-01,,18.175001,,148.38283
1943-07-01,,12.200001,,187.95157
1943-08-01,,0.075,,164.36252
1943-09-01,,4.2250004,,138.49063
1943-10-01,,31.375,,77.61563
1943-11-01,,47.6,,51.74375
1943-12-01,,81.924995,,32.720314
1944-01-01,,99.1,,37.28594
1944-02-01,,117.525,,42.612503
1944-03-01,,39.375,,69.245316
1944-04-01,,46.975002,,87.50782
1944-05-01,,22.175001,,129.35938
1944-06-01,,17.375,,143.05626
1944-07-01,,0.5,,187.19063
1944-08-01,,0.025,,176.5375
1944-09-01,,2.25,,135.44688
1944-10-01,,34.175,,85.225
1944-11-01,,133.275,,38.046875
1944-12-01,,67.35,,33.48125
1945-01-01,,12.45,,35.003128
1945-02-01,,176.1,,43.37344
1945-03-01,,126.77501,,62.396873
1945-04-01,,9.875,,105.00938
1945-05-01,,41.825,,114.901566
1945-06-01,,33.85,,161.31876
1945-07-01,,11.6,,197.08282
1945-08-01,,16.500002,,167.40625
1945-09-01,,5.375,,131.6422
1945-10-01,,78.450005,,76.09375
1945-11-01,,58.999996,,40.32969
1945-12-01,,171.425,,27.393751
1946-01-01,,22.300001,,38.046875
1946-02-01,,50.9,,51.74375
1946-03-01,,119.75,,66.20157
1946-04-01,,3.95,,106.53125
1946-05-01,,44.8,,128.59843
1946-06-01,,0.1,,162.84064
1946-07-01,,40.1,,182.625
1946-08-01,,0.32500002,,171.21094
1946-09-01,,9.8,,127.8375
1946-10-01,,49.199997,,68.484375
1946-11-01,,166.65001,,38.046875
1946-12-01,,138.32501,,25.871876
1947-01-01,,18.800001,,38.046875
1947-02-01,,43.6,,50.221878
1947-03-01,,43.55,,70.006256
1947-04-01,,22.1,,96.63907
1947-05-01,,32.300003,,141.53438
1947-06-01,,8.625,,152.1875
1947-07-01,,0.025,,179.58125
1947-08-01,,2.2250001,,157.51407
1947-09-01,,6.75,,140.0125
1947-10-01,,51.225,,72.28907
1947-11-01,,21.6,,41.090626
1947-12-01,,40.325,,30.4375
1948-01-01,,13.450001,,42.612503
1948-02-01,,52.700005,,47.178123
1948-03-01,,90.925,,63.918747
1948-04-01,,96.075,,84.464066
1948-05-01,,66.375,,114.140625
1948-06-01,,17.275,,152.1875
1948-07-01,,0.075,,185.66875
1948-08-01,,0.35,,165.12344
1948-09-01,,1.075,,133.16408
1948-10-01,,24.1,,79.137505
1948-11-01,,5.825,,49.460938
1948-12-01,,125.325005,,30.4375
1949-01-01,,108.450005,,32.720314
1949-02-01,,57.75,,45.65625
1949-03-01,,100.5,,58.592194
1949-04-01,,4.5000005,,109.575
1949-05-01,,67.450005,,118.70625
1949-06-01,,1.55,,173.49376
1949-07-01,,1.55,,194.03906
1949-08-01,,5.9750004,,158.27501
1949-09-01,,0.55,,133.925
1949-10-01,,1.55,,81.42032
1949-11-01,,56.25,,54.02656
1949-12-01,,50.875,,34.242188
1950-01-01,169.18874,132.375,2.1714675,33.48125
1950-02-01,63.9887,55.175,1.0832441,52.504692
1950-03-01,58.45603,59.925003,8.957761,66.20157
1950-04-01,55.607014,47.625,21.382019,105.00938
1950-05-01,27.07157,20.775002,50.946095,135.44687
1950-06-01,16.27125,4.0750003,67.0779,164.36252
1950-07-01,22.704327,21.45,66.68472,192.51718
1950-08-01,4.4895506,1.825,39.456154,175.01562
1950-09-01,51.590874,17.925,62.51272,114.901566
1950-10-01,67.09028,69.85,25.376839,77.61563
1950-11-01,124.67367,171.07501,17.840145,41.090626
1950-12-01,91.736435,163.6,8.122692,25.871876
1951-01-01,87.699905,93.0,5.9308805,31.959373
1951-02-01,24.522123,69.275,8.263964,47.178123
1951-03-01,23.305166,25.1,19.690468,70.76718
1951-04-01,57.727776,58.325005,42.757973,95.11719
1951-05-01,19.18652,22.900002,66.4761,123.27188
1951-06-01,17.592978,16.0,60.333336,165.88438
1951-07-01,15.4008665,6.6500006,56.46241,191.75626
1951-08-01,21.171377,4.9500003,55.62918,164.36252
1951-09-01,1.8936722,0.35000002,29.542048,136.20782
1951-10-01,26.744253,40.725002,21.95746,71.52812
1951-11-01,71.3386,83.600006,17.686441,44.134377
1951-12-01,148.69064,223.29999,4.6802926,26.632814
1952-01-01,176.0737,226.775,1.2872497,28.915627
1952-02-01,46.589954,41.3,1.1691086,47.178123
1952-03-01,129.26743,136.22499,2.9619129,54.787502
1952-04-01,46.06783,86.4,8.429411,92.07344
1952-05-01,10.88752,6.15,48.715137,136.20782
1952-06-01,24.753176,11.725,64.79698,145.33907
1952-07-01,66.76126,54.725002,63.731987,185.66875
1952-08-01,8.279173,8.6,74.205185,171.97188
1952-09-01,19.325829,12.650001,42.671047,129.35938
1952-10-01,4.981658,2.15,24.271664,92.07343
1952-11-01,37.946075,47.025,11.007498,47.93906
1952-12-01,161.00356,191.02501,2.8860044,25.871876
1953-01-01,69.53213,72.5,1.470563,31.198437
1953-02-01,11.245415,3.95,4.6360807,54.026566
1953-03-01,48.79452,42.525,6.7931213,71.52812
1953-04-01,38.165794,47.0,26.289505,95.11719
1953-05-01,34.91471,55.75,53.38786,103.4875
1953-06-01,22.887806,61.425003,69.61259,146.1
1953-07-01,12.943156,5.875,64.22661,200.12657
1953-08-01,11.129326,5.4,43.921288,154.4703
1953-09-01,7.2343674,0.77500004,37.638874,129.35938
1953-10-01,26.161535,15.45,26.826838,77.61563
1953-11-01,35.87401,47.550003,16.870136,42.612503
1953-12-01,25.287748,35.475002,7.4108176,33.48125
1954-01-01,106.18141,137.0,6.6513915,35.76406
1954-02-01,88.672226,97.6,1.4012802,50.982815
1954-03-01,114.64181,129.55,5.077852,60.875
1954-04-01,12.785727,33.550003,20.781252,103.4875
1954-05-01,6.3271675,14.4,68.5659,143.05626
1954-06-01,17.921995,57.175003,61.59429,154.4703
1954-07-01,15.446164,4.8250003,57.37934,193.27814
1954-08-01,3.3552659,0.1,38.064407,152.94844
1954-09-01,3.7867844,1.3750001,29.522823,128.59843
1954-10-01,0.68407434,0.05,17.525827,86.74687
1954-11-01,56.71581,59.149998,13.20737,43.37344
1954-12-01,75.04158,108.80001,4.5782347,29.676563
1955-01-01,80.293365,123.600006,1.244304,29.676563
1955-02-01,53.20877,55.3,2.0073338,50.98281
1955-03-01,12.584692,11.05,5.9146466,68.484375
1955-04-01,65.83141,52.525005,27.558289,84.464066
1955-05-01,40.04418,62.375,48.774895,120.22813
1955-06-01,8.09513,3.3000002,65.770905,162.07968
1955-07-01,19.587458,6.8500004,64.976364,178.82031
1955-08-01,5.661774,1.875,43.78785,178.82031
1955-09-01,21.697464,8.7,42.53542,132.40314
1955-10-01,3.9747932,1.4,22.647346,85.225
1955-11-01,29.047928,46.850002,12.8292675,43.37344
1955-12-01,285.56906,314.05002,5.282445,26.632814
1956-01-01,105.03353,161.1,2.8638244,27.393751
1956-02-01,54.989754,30.95,2.0564418,48.7
1956-03-01,5.5989156,2.325,7.342313,74.57188
1956-04-01,71.57418,79.850006,22.327503,89.029686
1956-05-01,32.822838,86.200005,56.603447,115.662506
1956-06-01,0.42414394,1.7750001,56.204277,166.64531
1956-07-01,38.193542,22.025,69.17888,181.10313
1956-08-01,5.51454,0.45,47.560917,159.03593
1956-09-01,9.6054325,8.950001,34.591953,129.35938
1956-10-01,43.568783,57.625,28.732311,71.52812
1956-11-01,3.19784,1.4000001,16.475687,51.74375
1956-12-01,16.750336,22.775,10.286528,38.80781
1957-01-01,86.294945,98.65,3.6615844,32.720314
1957-02-01,79.500565,65.15,3.0117662,42.612503
1957-03-01,51.82362,54.925,15.645912,60.875
1957-04-01,39.365196,44.575,41.910927,89.79063
1957-05-01,108.263084,100.75,59.594288,103.4875
1957-06-01,5.932462,13.724999,78.909805,170.45
1957-07-01,6.813047,3.225,56.636036,184.90782
1957-08-01,6.814181,1.75,43.264908,164.36252
1957-09-01,22.633543,15.925,39.56472,124.03281
1957-10-01,29.721247,39.0,30.608423,62.396873
1957-11-01,45.49871,38.2,12.328434,41.851566
1957-12-01,65.23398,120.62501,7.4499626,28.915627
1958-01-01,59.81966,100.475,3.3875706,34.242188
1958-02-01,174.5702,141.125,1.5808349,39.56875
1958-03-01,166.6608,165.75,4.120509,53.265625
1958-04-01,123.60451,102.325005,11.4261265,82.18125
1958-05-01,12.729097,40.9,46.198875,128.59843
1958-06-01,16.702202,31.7,64.04896,142.29532
1958-07-01,26.964542,19.6,63.44404,176.5375
1958-08-01,45.5021,15.05,73.97192,168.92813
1958-09-01,9.766257,23.600002,38.480503,124.032814
1958-10-01,2.5669942,2.45,20.320023,86.74687
1958-11-01,25.779291,23.6,13.503955,47.939064
1958-12-01,18.486586,29.099998,11.77268,36.525
1959-01-01,72.19597,88.525,5.1197596,30.4375
1959-02-01,206.94397,152.15001,4.8187995,41.851566
1959-03-01,16.451893,9.925,11.713963,73.81094
1959-04-01,8.961557,21.85,48.96233,108.81406
1959-05-01,38.975586,20.95,68.91292,115.662506
1959-06-01,6.012311,0.70000005,60.029045,171.97188
1959-07-01,19.260708,2.775,60.588593,200.12657
1959-08-01,13.102284,6.0750003,47.242455,161.31876
1959-09-01,39.748013,46.325005,50.135895,111.09688
1959-10-01,5.929066,0.275,24.580914,79.137505
1959-11-01,0.03736861,0.125,10.564231,56.309376
1959-12-01,35.10046,27.925,6.2431264,36.525
1960-01-01,58.797504,76.175,2.202155,31.198439
1960-02-01,108.25913,109.45001,2.3500888,41.090626
1960-03-01,35.236366,50.775,16.956718,68.484375
1960-04-01,23.234941,41.325,44.996647,94.35625
1960-05-01,7.0038886,6.25,54.525616,121.75
1960-06-01,7.830672,0.6,57.338936,182.625
1960-07-01,47.060535,11.625,66.21786,194.8
1960-08-01,6.1165085,0.05,53.205605,171.97188
1960-09-01,14.7547245,4.0,37.27113,136.20782
1960-10-01,18.79635,15.650001,30.252544,76.85469
1960-11-01,101.07686,136.09999,8.983553,37.28594
1960-12-01,31.24231,49.45,3.3433661,31.959373
1961-01-01,14.527072,48.024998,2.909065,36.525
1961-02-01,36.32025,30.675001,6.5431647,45.65625
1961-03-01,61.088715,61.550003,13.307536,62.396873
1961-04-01,30.155025,20.975002,34.661034,100.443756
1961-05-01,46.602978,51.9,56.624176,115.662506
1961-06-01,27.155386,11.825001,82.311676,177.29843
1961-07-01,30.572388,26.724998,70.84187,199.36563
1961-08-01,86.404236,38.675,84.20218,159.03595
1961-09-01,17.050472,10.075001,56.314465,120.228134
1961-10-01,28.767044,7.6499996,28.550167,77.61563
1961-11-01,63.002216,62.399998,13.557147,44.134377
1961-12-01,51.15653,68.675,2.489082,25.871876
1962-01-01,58.802025,61.300003,1.7619826,35.003128
1962-02-01,248.26688,292.27502,1.52228,38.046875
1962-03-01,73.12639,73.425,1.8579508,58.592194
1962-04-01,10.735751,6.375,14.046583,107.29219
1962-05-01,48.681835,43.425003,58.485435,111.09688
1962-06-01,31.891281,10.175,79.96685,167.40625
1962-07-01,35.20692,30.2,76.02235,188.71251
1962-08-01,2.996242,10.75,43.3356,163.60156
1962-09-01,12.444819,8.45,34.177937,130.88126
1962-10-01,37.914356,39.85,38.433178,76.09375
1962-11-01,13.750689,9.175,17.566008,46.417187
1962-12-01,9.120688,32.550003,10.619495,35.003128
1963-01-01,126.16301,143.925,9.291537,40.32969
1963-02-01,80.36302,140.725,6.2327642,44.895313
1963-03-01,94.981285,79.475006,13.623695,63.918747
1963-04-01,115.25453,103.225,21.914633,71.52813
1963-05-01,52.491283,54.450005,49.28425,111.85782
1963-06-01,56.63144,39.925,90.20851,140.77344
1963-07-01,1.8891394,0.025,58.690376,179.58125
1963-08-01,9.929917,9.0,45.043617,160.55782
1963-09-01,24.305233,21.425001,44.40462,119.46719
1963-10-01,24.77922,36.6,33.895855,72.28907
1963-11-01,98.61915,117.27501,14.401545,37.28594
1963-12-01,8.852828,11.700001,6.1414614,31.198437
1964-01-01,62.691326,55.65,7.893,33.48125
1964-02-01,8.538537,2.025,4.3527346,57.070316
1964-03-01,40.830196,50.775,11.8915,65.44063
1964-04-01,30.429111,25.975,31.936153,92.83437
1964-05-01,43.63277,68.675,54.714672,117.18437
1964-06-01,14.910456,30.574999,61.850807,152.94844
1964-07-01,9.12295,7.175,56.607594,189.47345
1964-08-01,28.714382,24.925,55.91633,165.12344
1964-09-01,2.5851123,4.475,34.511364,123.27188
1964-10-01,25.77193,46.500004,19.656506,89.029686
1964-11-01,79.2967,84.350006,13.250429,38.80781
1964-12-01,168.3036,257.55,4.9585714,24.35
1965-01-01,129.597,95.9,1.8451294,25.871876
1965-02-01,12.890491,20.9,1.7760906,52.504692
1965-03-01,17.47179,47.15,12.186244,66.96251
1965-04-01,57.903893,104.950005,24.37402,77.61563
1965-05-01,28.355356,11.225,57.895134,123.27188
1965-06-01,64.584435,17.95,80.42922,145.33907
1965-07-01,43.968586,23.324999,76.35463,180.3422
1965-08-01,65.698326,53.275,84.037186,151.42656
1965-09-01,19.073269,6.0750003,49.255344,111.85782
1965-10-01,1.1591893,7.6749997,21.410227,87.50781
1965-11-01,168.70964,212.09999,10.376677,36.525
1965-12-01,103.18685,156.925,4.874124,30.4375
1966-01-01,26.075464,27.075,1.3060904,31.959373
1966-02-01,37.474922,32.65,1.0301418,47.178123
1966-03-01,10.964537,8.224999,10.639067,73.81094
1966-04-01,17.29001,17.775,40.938393,108.05313
1966-05-01,14.058185,23.449999,57.347443,140.77344
1966-06-01,14.932541,6.875,59.565857,164.3625
1966-07-01,15.094495,16.4,46.98374,181.10313
1966-08-01,17.127485,4.0750003,56.771538,172.73282
1966-09-01,14.644297,15.075001,38.096066,120.22813
1966-10-01,1.3149185,0.05,18.43205,82.18126
1966-11-01,86.28248,82.075005,13.286581,42.612503
1966-12-01,134.5526,238.52501,4.960414,25.871876
1967-01-01,160.6077,150.7,2.5937126,31.959373
1967-02-01,15.474482,14.05,1.5839989,49.460938
1967-03-01,158.66307,127.450005,7.5208864,63.157814
1967-04-01,92.01335,180.625,12.239436,65.44063
1967-05-01,19.03419,28.650002,23.512812,124.79375
1967-06-01,13.772211,44.0,66.61138,144.57812
1967-07-01,11.911373,13.924999,59.838024,189.47345
1967-08-01,27.129898,11.8,60.12748,174.2547
1967-09-01,46.62902,21.375,58.44755,119.46719
1967-10-01,5.150978,3.7,28.68476,82.18126
1967-11-01,53.725227,49.3,15.233042,43.37344
1967-12-01,65.99054,73.15,4.6064496,26.632814
1968-01-01,55.263844,64.375,0.87500155,35.003128
1968-02-01,44.748936,76.275,0.92803,39.56875
1968-03-01,37.326546,54.425003,11.426012,64.67969
1968-04-01,9.577686,18.5,39.19652,97.4
1968-05-01,20.94656,36.725,61.601776,124.03282
1968-06-01,22.156157,12.725,68.57569,168.92813
1968-07-01,25.835926,9.675,58.352222,186.42969
1968-08-01,10.004668,19.599998,50.869987,140.0125
1968-09-01,3.9068387,0.725,28.178055,124.79375
1968-10-01,14.363981,46.075,26.263256,76.09375
1968-11-01,44.491844,70.375,17.794205,37.28594
1968-12-01,112.6428,155.4,8.412601,26.632814
1969-01-01,305.7562,393.275,2.3306372,27.393751
1969-02-01,225.67691,226.375,0.99746245,36.525
1969-03-01,35.560284,58.65,2.1616142,63.157814
1969-04-01,37.644234,51.15,10.035074,91.3125
1969-05-01,9.006861,11.150001,34.946915,133.16406
1969-06-01,46.853844,48.15,81.60716,134.68594
1969-07-01,16.457561,26.725,63.326954,185.66875
1969-08-01,6.392293,1.7,45.486774,179.58125
1969-09-01,5.37693,4.625,31.404114,131.6422
1969-10-01,22.40646,42.425003,25.191124,66.20156
1969-11-01,20.225672,34.925,16.642286,48.699997
1969-12-01,73.05673,109.950005,9.3167515,28.915627
1970-01-01,123.210915,205.0,2.563324,27.393751
1970-02-01,42.671787,44.525,4.051896,50.221878
1970-03-01,40.75601,57.325,13.161199,66.96251
1970-04-01,26.258373,30.099998,31.590525,91.3125
1970-05-01,3.3671584,0.675,54.98535,136.96875
1970-06-01,35.849094,66.925,75.02552,162.07968
1970-07-01,25.628656,6.475,70.69152,192.51718
1970-08-01,3.6384163,6.8500004,41.96009,175.77658
1970-09-01,1.0176152,0.425,29.123306,130.88126
1970-10-01,12.565439,5.975,20.12038,80.65938
1970-11-01,116.79088,133.6,18.56261,41.090626
1970-12-01,130.54102,146.75,3.863887,25.871876
1971-01-01,49.7759,44.850002,1.5661584,32.720314
1971-02-01,23.827282,18.95,4.326024,47.939064
1971-03-01,66.947014,52.275,5.340357,69.245316
1971-04-01,32.822834,24.375002,25.463533,92.07344
1971-05-01,70.46312,104.15001,56.499256,103.4875
1971-06-01,7.6432304,7.675,66.14934,159.03595
1971-07-01,20.66228,9.775,65.934395,191.75626
1971-08-01,17.16939,17.8,53.637703,171.21094
1971-09-01,8.304094,10.025,31.152546,123.27187
1971-10-01,19.037024,30.75,25.2267,73.05
1971-11-01,52.803875,71.35,14.086306,42.6125
1971-12-01,165.40533,210.87502,4.0064726,26.632814
1972-01-01,22.795498,21.449999,0.82037276,32.720314
1972-02-01,13.444325,25.875,3.0659943,49.460938
1972-03-01,4.189418,1.225,26.614298,81.42032
1972-04-01,32.578194,34.850002,43.219086,92.07344
1972-05-01,16.396404,11.975,51.942005,132.40314
1972-06-01,35.913647,39.600002,70.91453,165.88438
1972-07-01,8.334106,7.25,50.47324,189.47345
1972-08-01,19.150848,10.975,45.35943,163.60156
1972-09-01,28.225677,21.650002,51.84184,114.140625
1972-10-01,62.133533,40.6,42.8898,60.875
1972-11-01,79.14266,95.675,10.944176,33.48125
1972-12-01,60.208138,79.925,3.2459016,26.632814
1973-01-01,112.90725,128.275,0.66922754,26.632814
1973-02-01,144.72437,159.8,0.6080923,39.56875
1973-03-01,62.24282,106.475006,2.4016693,54.026566
1973-04-01,12.423299,12.35,11.358198,92.83437
1973-05-01,17.701706,13.75,51.921856,142.29532
1973-06-01,17.19091,13.35,69.98666,171.21094
1973-07-01,20.021238,1.0,62.677013,186.42969
1973-08-01,46.389484,12.225,68.64247,166.64531
1973-09-01,0.4088549,0.725,31.93282,116.42343
1973-10-01,30.326054,47.925003,28.33694,76.09375
1973-11-01,106.61405,115.925,17.954935,33.48125
1973-12-01,83.256775,125.75,3.8006122,25.110937
1974-01-01,102.26039,113.475006,1.6632788,29.676563
1974-02-01,14.589931,16.025002,2.9757288,49.460938
1974-03-01,152.68869,101.45,6.5242844,61.63594
1974-04-01,40.67446,53.275,22.865295,84.464066
1974-05-01,9.702836,3.8750002,55.443012,131.6422
1974-06-01,3.758468,0.47500002,59.82295,171.21094
1974-07-01,24.349972,62.225,59.57069,175.01562
1974-08-01,18.104906,4.925,56.54438,159.79688
1974-09-01,1.5652223,0.1,28.809795,139.25157
1974-10-01,39.100174,72.525,31.040176,79.898445
1974-11-01,27.329235,69.600006,18.24461,43.373436
1974-12-01,80.64334,82.3,4.766067,23.589062
1975-01-01,27.52177,45.625,1.0384381,34.242188
1975-02-01,182.07469,119.774994,1.2326689,38.80781
1975-03-01,147.81857,149.725,3.543571,54.02656
1975-04-01,70.05764,65.37501,7.6289964,73.049995
1975-05-01,21.27897,13.875,28.484425,123.27188
1975-06-01,16.420755,8.5,72.90474,159.03595
1975-07-01,11.924963,2.8,60.463898,178.05937
1975-08-01,26.072632,53.375,58.882763,150.66563
1975-09-01,34.141724,14.3,51.834007,130.88126
1975-10-01,55.55832,69.775,32.979843,69.245316
1975-11-01,13.718976,22.725,18.827076,44.895313
1975-12-01,8.388471,15.9,11.142552,31.959373
1976-01-01,6.0542135,13.975,11.68184,38.807816
1976-02-01,72.36585,127.475006,5.9374437,45.65625
1976-03-01,31.124523,43.475,19.442583,68.484375
1976-04-01,36.02804,38.75,49.08702,83.70313
1976-05-01,33.631493,16.425,67.69204,139.25157
1976-06-01,13.4154415,21.65,56.784096,157.51407
1976-07-01,55.180595,35.675,68.65214,181.10313
1976-08-01,28.959589,67.475,67.940384,132.40314
1976-09-01,46.45687,49.550003,56.25827,113.37969
1976-10-01,11.004172,30.475,29.951237,82.942184
1976-11-01,10.600405,20.225,13.591685,47.178123
1976-12-01,8.31882,14.800001,7.1723747,43.37344
1977-01-01,46.24338,52.050003,3.9539094,33.48125
1977-02-01,33.078224,25.900002,14.436429,57.070312
1977-03-01,31.899206,28.225,25.167175,60.114067
1977-04-01,8.790544,3.4250002,41.85958,105.77032
1977-05-01,61.514,90.575005,54.684624,95.87813
1977-06-01,44.6521,64.425,77.21733,169.68907
1977-07-01,7.9105186,3.1000001,55.077686,190.23438
1977-08-01,15.508459,9.55,45.959282,159.79689
1977-09-01,11.219367,3.125,33.725685,114.901566
1977-10-01,12.620371,4.625,24.209257,82.94219
1977-11-01,48.161407,46.3,12.795994,49.460938
1977-12-01,151.5074,195.625,8.398556,31.19844
1978-01-01,147.87407,196.52501,2.2261703,28.154688
1978-02-01,154.79984,192.575,2.8223763,36.525
1978-03-01,100.69008,175.07501,4.8371058,62.396873
1978-04-01,84.0377,108.075005,20.29331,77.61562
1978-05-01,5.150979,1.975,54.049652,116.42345
1978-06-01,11.110068,3.025,62.739075,149.9047
1978-07-01,4.5359874,5.6000004,55.30968,181.10313
1978-08-01,8.939469,5.6499996,45.689175,162.07968
1978-09-01,66.2986,76.350006,62.19851,99.682816
1978-10-01,12.427828,16.6,25.768982,91.3125
1978-11-01,44.824257,66.075005,11.136793,44.895313
1978-12-01,50.141167,69.525,3.7086742,29.676563
1979-01-01,90.40338,164.02501,0.7469182,31.959373
1979-02-01,86.63358,122.625,1.8696333,38.80781
1979-03-01,68.86164,103.700005,2.8782105,61.63594
1979-04-01,16.032276,16.25,19.796392,87.50782
1979-05-01,11.878528,18.75,59.66452,127.07657
1979-06-01,1.2090235,2.075,59.436676,170.45
1979-07-01,16.459827,39.95,56.961403,180.3422
1979-08-01,26.253277,9.7,57.232307,147.62189
1979-09-01,2.4576948,1.95,29.870987,131.6422
1979-10-01,24.248606,34.7,27.469746,73.81094
1979-11-01,34.899986,46.525,17.795933,43.37344
1979-12-01,95.90094,77.425,10.747524,33.48125
1980-01-01,125.59331,251.07501,3.0049188,35.76406
1980-02-01,169.07433,175.27501,3.7155814,40.32969
1980-03-01,51.846275,79.0,6.6053376,56.309376
1980-04-01,47.04015,38.050003,12.567914,89.029686
1980-05-01,46.45687,49.425003,49.458096,107.29219
1980-06-01,9.934445,1.6750001,68.56256,148.38281
1980-07-01,18.69951,15.799999,62.500286,183.38594
1980-08-01,12.383658,1.2,53.76884,161.31876
1980-09-01,16.543642,13.75,38.83235,122.51095
1980-10-01,10.783886,9.425,24.301022,83.703125
1980-11-01,19.269772,33.225,16.043127,47.93906
1980-12-01,46.386654,55.949997,6.083318,34.242188
1981-01-01,96.023834,142.85,11.041578,31.959377
1981-02-01,36.263054,45.774998,5.519622,45.65625
1981-03-01,96.44005,120.4,8.713101,55.54844
1981-04-01,18.77653,44.100002,33.964245,98.92188
1981-05-01,42.745396,31.225,73.39925,119.46719
1981-06-01,8.831877,0.025,70.80998,174.2547
1981-07-01,4.3349533,4.475,55.504375,192.51718
1981-08-01,4.221694,4.3250003,39.542152,169.68907
1981-09-01,9.632613,2.275,33.88641,127.07657
1981-10-01,54.11314,54.85,27.443726,64.67969
1981-11-01,120.528404,100.850006,14.274435,39.568752
1981-12-01,60.156605,85.5,8.048777,27.393751
1982-01-01,136.03293,156.25,3.1194222,25.871876
1982-02-01,51.568226,76.950005,3.2203896,47.939064
1982-03-01,110.72024,162.07501,12.20881,54.7875
1982-04-01,129.16095,98.125,22.055555,85.98594
1982-05-01,23.533382,8.700001,59.44347,130.12032
1982-06-01,60.699116,58.074997,67.22194,140.77344
1982-07-01,35.708652,28.975,80.75966,173.49376
1982-08-01,31.034481,24.074999,66.78075,157.51407
1982-09-01,55.326702,66.1,42.35339,99.682816
1982-10-01,69.668045,90.700005,41.139763,64.67969
1982-11-01,114.52684,160.40001,11.614485,36.525
1982-12-01,98.69673,149.02501,3.8727467,28.915627
1983-01-01,125.28186,206.95,0.9312674,27.393751
1983-02-01,157.20824,147.075,1.2059175,35.76406
1983-03-01,121.27704,216.15001,3.6797748,49.460938
1983-04-01,75.23639,95.6,13.043648,70.76719
1983-05-01,9.219787,31.100002,30.148579,114.901566
1983-06-01,22.189003,11.0,69.775734,150.66563
1983-07-01,1.8534615,0.025,54.158802,161.31876
1983-08-01,112.92424,66.2,84.574974,145.33907
1983-09-01,40.242386,41.075,57.832275,117.18437
1983-10-01,22.292637,27.25,47.429314,72.28907
1983-11-01,159.67218,199.375,16.43608,35.003128
1983-12-01,146.29922,209.87502,3.014942,27.393751
1984-01-01,9.96163,11.85,1.8723494,29.676563
1984-02-01,52.07732,61.950005,3.0638673,46.417187
1984-03-01,39.691383,43.45,13.064257,66.20157
1984-04-01,29.66915,27.325,36.88532,82.942184
1984-05-01,8.497765,6.4,53.412956,133.92502
1984-06-01,31.223059,31.300001,68.48013,153.70938
1984-07-01,53.576855,43.825,74.97301,182.62502
1984-08-01,34.76238,10.825001,68.24617,157.51407
1984-09-01,13.475473,4.55,41.911274,130.12032
1984-10-01,45.315796,48.925,31.72937,59.353127
1984-11-01,114.96629,122.275,15.656622,35.76406
1984-12-01,47.45184,67.8,2.786867,25.110939
1985-01-01,18.550575,42.125,0.65940917,29.676563
1985-02-01,50.95379,36.725,1.0987613,47.178123
1985-03-01,98.25389,103.225006,4.2404795,58.592194
1985-04-01,10.018827,11.45,17.356236,101.96562
1985-05-01,10.468459,10.95,67.98828,127.837494
1985-06-01,23.249668,27.050001,71.16103,175.01562
1985-07-01,55.224213,40.025,78.8284,183.38594
1985-08-01,5.3435206,5.0750003,47.886745,159.79689
1985-09-01,70.473885,31.475,68.543106,99.682816
1985-10-01,30.364552,46.175,34.458054,72.28906
1985-11-01,131.0116,113.95,13.964839,35.003128
1985-12-01,58.148537,70.825,2.4330657,28.915627
1986-01-01,50.457153,76.12501,1.5247043,31.959377
1986-02-01,342.59238,281.0,3.9881063,35.764065
1986-03-01,116.48395,112.05,5.38595,61.63594
1986-04-01,21.228004,32.5,28.680271,89.029686
1986-05-01,8.47285,14.025,56.31078,123.27188
1986-06-01,9.285476,2.525,58.903145,162.07968
1986-07-01,20.142988,26.675,62.7058,175.01562
1986-08-01,11.422096,2.8999999,45.870396,167.40625
1986-09-01,30.9501,28.625,39.255695,99.682816
1986-10-01,8.660858,2.65,27.408148,70.76719
1986-11-01,1.7288787,4.2000003,10.693297,45.65625
1986-12-01,17.626387,39.850002,8.666128,30.4375
1987-01-01,74.00754,99.325005,2.7377453,27.393751
1987-02-01,81.78612,86.175,1.9334179,41.851562
1987-03-01,50.42884,89.85,9.754377,58.592194
1987-04-01,19.632198,13.35,41.581417,108.814064
1987-05-01,72.10366,44.35,76.989586,120.22812
1987-06-01,35.02627,8.375,88.489204,168.92813
1987-07-01,9.7436075,1.4000001,59.36863,165.88437
1987-08-01,4.153741,0.25,40.42224,165.12344
1987-09-01,11.428891,3.075,36.155247,130.88126
1987-10-01,26.957745,58.825,27.41264,85.225
1987-11-01,40.53289,85.875,22.582178,35.003128
1987-12-01,69.75128,95.625,7.518583,21.30625
1988-01-01,73.61,82.8,1.0135747,29.676565
1988-02-01,11.188783,26.975,4.685013,54.787502
1988-03-01,12.690592,17.9,28.283401,70.76719
1988-04-01,49.562977,118.024994,47.07229,88.26875
1988-05-01,24.608767,30.95,60.83326,117.18438
1988-06-01,23.236643,14.7,66.63487,154.47032
1988-07-01,25.705105,9.55,60.893818,195.56094
1988-08-01,51.163322,6.15,65.72519,163.60156
1988-09-01,12.185458,5.6,48.97292,132.40314
1988-10-01,2.6779864,2.075,20.10069,89.029686
1988-11-01,76.04279,77.65,12.407417,36.525
1988-12-01,78.50276,110.325,5.678392,26.632814
1989-01-01,17.80081,21.775,0.9464048,28.15469
1989-02-01,38.50783,51.7,3.8667545,47.939064
1989-03-01,90.63442,88.4,18.78413,65.44063
1989-04-01,13.150419,13.375,50.284992,104.248436
1989-05-01,56.053253,47.925,72.77234,120.98907
1989-06-01,48.659748,22.575,86.8292,154.4703
1989-07-01,6.313012,4.225,53.06963,191.75626
1989-08-01,25.92596,22.575,55.711956,150.66563
1989-09-01,43.887047,61.100006,48.59678,118.70625
1989-10-01,21.520214,45.350002,29.356567,73.05
1989-11-01,35.419277,32.625,16.627665,47.93906
1989-12-01,1.5521982,0.17500001,8.276052,35.003128
1990-01-01,59.522926,141.35,6.5342994,28.915625
1990-02-01,77.56612,74.5,2.5845637,41.090626
1990-03-01,22.86176,32.899998,18.45404,69.245316
1990-04-01,32.578762,74.975006,57.833435,93.59532
1990-05-01,37.338444,89.8,65.99461,115.662506
1990-06-01,7.0735373,4.175,61.685707,158.27501
1990-07-01,60.658333,14.75,77.88787,185.66876
1990-08-01,24.19028,4.9,58.43454,150.66563
1990-09-01,22.653927,12.925,38.67116,121.75
1990-10-01,2.6541972,3.8500001,25.68862,85.225
1990-11-01,16.806963,21.975,15.304655,44.895313
1990-12-01,19.68656,49.525,9.908541,31.959373
1991-01-01,6.1782355,21.55,10.285146,35.003128
1991-02-01,18.105476,44.175,16.031614,53.265625
1991-03-01,243.04391,206.95,5.1806655,50.221878
1991-04-01,11.74318,14.6,26.341085,83.703125
1991-05-01,38.032715,27.625,61.529694,107.29219
1991-06-01,12.609045,27.3,64.5141,153.70938
1991-07-01,15.435972,5.275,60.015564,186.42969
1991-08-01,24.168192,11.150001,57.30381,152.1875
1991-09-01,21.471514,9.200001,42.55752,136.96875
1991-10-01,53.949474,52.525,20.803816,89.02969
1991-11-01,37.06379,26.425,15.645569,43.37344
1991-12-01,39.878822,89.1,5.921325,29.676563
1992-01-01,28.056356,99.025,1.1094205,26.632814
1992-02-01,83.24205,140.1,3.2175107,40.32969
1992-03-01,32.47853,89.3,16.795185,60.875
1992-04-01,6.453454,13.275001,52.2105,100.443756
1992-05-01,21.275007,5.1000004,61.154358,145.33907
1992-06-01,40.88909,27.150002,71.96984,152.94844
1992-07-01,24.738447,50.95,61.024834,168.92813
1992-08-01,37.07795,5.775,58.35913,171.97188
1992-09-01,7.835204,4.925,37.468468,130.88126
1992-10-01,32.551003,48.324997,22.852976,80.65938
1992-11-01,7.131868,2.3500001,20.034718,40.32969
1992-12-01,154.21825,197.6,5.6333733,25.871876
1993-01-01,175.58046,261.85,1.2068455,28.915627
1993-02-01,123.7574,152.775,1.7141479,44.134377
1993-03-01,67.187675,93.475,3.6752846,65.44063
1993-04-01,18.346712,16.1,28.642618,85.225006
1993-05-01,12.435194,38.15,63.183258,113.3797
1993-06-01,27.516108,45.325,62.099037,142.29532
1993-07-01,0.54249895,0.025,49.896187,169.68906
1993-08-01,10.037511,0.3,43.27999,153.70938
1993-09-01,9.846107,3.025,34.361107,131.6422
1993-10-01,20.421604,32.55,29.916122,74.57188
1993-11-01,36.837273,56.95,12.076406,51.74375
1993-12-01,27.875708,56.8,5.099496,31.198437
1994-01-01,26.168335,48.325,6.994952,32.720314
1994-02-01,99.76815,96.15,2.892717,42.6125
1994-03-01,36.96186,42.525,14.924597,75.33282
1994-04-01,33.542023,47.575,43.659706,92.83437
1994-05-01,61.259174,79.825,69.97768,115.662506
1994-06-01,2.077713,0.22500001,66.368454,171.97188
1994-07-01,6.339059,1.2750001,51.406635,194.8
1994-08-01,3.5336528,0.2,40.399788,175.77658
1994-09-01,25.621868,22.7,36.56064,120.98907
1994-10-01,20.682663,56.800003,35.157265,73.05
1994-11-01,97.38519,112.100006,11.360384,31.959373
1994-12-01,36.82255,97.25001,2.2663455,25.871876
1995-01-01,196.36449,329.025,1.4201211,21.306252
1995-02-01,23.309694,34.25,1.7245293,46.41719
1995-03-01,264.37958,191.90001,6.938076,59.353127
1995-04-01,44.77611,72.65,15.872152,80.65938
1995-05-01,71.9955,104.75,42.586308,96.63907
1995-06-01,41.395924,56.3,68.02604,132.40314
1995-07-01,15.6619215,6.475,69.960754,165.12344
1995-08-01,5.0394197,1.475,48.813923,162.84064
1995-09-01,4.891052,1.3000001,33.28276,123.27188
1995-10-01,1.3868395,0.05,18.593699,82.942184
1995-11-01,2.0029655,2.825,11.58812,51.74375
1995-12-01,98.985535,230.0,7.671136,25.871876
1996-01-01,115.3055,140.45,4.4176707,31.198437
1996-02-01,143.87265,165.225,5.8445306,35.764065
1996-03-01,66.93341,100.15,8.418358,62.396873
1996-04-01,39.2123,48.1,32.750847,85.98595
1996-05-01,42.3303,67.65,69.85079,115.662506
1996-06-01,21.25802,20.85,66.81334,162.84064
1996-07-01,25.015932,10.625,67.91873,187.95157
1996-08-01,8.356192,2.65,45.51256,170.45
1996-09-01,4.655475,2.7,30.305273,119.46719
1996-10-01,41.639427,60.275,20.395779,71.52812
1996-11-01,87.56853,142.475,10.942793,35.764065
1996-12-01,200.32968,244.67502,4.7737813,28.915627
1997-01-01,227.88261,318.925,2.5833573,25.110937
1997-02-01,14.691298,24.175001,4.0925307,45.65625
1997-03-01,5.617606,7.875,12.816488,60.875
1997-04-01,10.760668,10.95,46.128067,90.55156
1997-05-01,22.72868,3.775,60.604256,133.92502
1997-06-01,50.10323,27.975002,80.97427,147.62189
1997-07-01,35.932907,23.800001,65.7602,175.77657
1997-08-01,7.59566,6.075,47.77334,154.4703
1997-09-01,18.003538,19.95,40.19877,113.37969
1997-10-01,8.775816,12.1,23.334929,72.28906
1997-11-01,63.021477,91.350006,11.301552,37.28594
1997-12-01,52.76536,91.524994,3.7130075,25.871876
1998-01-01,90.11741,165.6,1.0804207,26.632814
1998-02-01,231.18181,290.67502,1.0192846,34.242188
1998-03-01,73.601494,139.45,4.443345,57.831253
1998-04-01,42.55286,70.15,10.165521,84.464066
1998-05-01,52.40633,105.975,45.247063,99.682816
1998-06-01,47.125664,83.625,72.68242,143.05626
1998-07-01,35.546696,8.225,73.77631,178.05937
1998-08-01,1.9423679,1.075,47.413773,163.60156
1998-09-01,35.85079,37.05,47.30117,108.05313
1998-10-01,22.070644,21.800001,28.089859,68.484375
1998-11-01,53.427925,50.675003,17.542637,38.80781
1998-12-01,35.749996,45.375,5.809415,30.4375
1999-01-01,117.640884,158.3,5.5542765,31.959373
1999-02-01,126.57357,108.149994,1.6805347,42.612503
1999-03-01,34.048286,52.7,7.656054,57.831253
1999-04-01,58.30766,61.1,18.162867,86.74688
1999-05-01,15.579248,17.425001,59.387745,117.94531
1999-06-01,17.489346,13.325,66.956665,156.75313
1999-07-01,8.544766,8.975,56.66723,178.05937
1999-08-01,18.333122,11.900001,49.208256,152.1875
1999-09-01,22.566721,3.9250002,44.662178,124.03282
1999-10-01,4.730792,8.1,21.78925,85.225
1999-11-01,29.299358,29.375,17.722822,43.37344
1999-12-01,4.169599,8.825,13.258951,33.48125
2000-01-01,149.83685,147.2,5.7444787,27.393751
2000-02-01,163.4754,203.90001,4.018215,35.003128
2000-03-01,29.150995,49.800003,8.426417,61.63594
2000-04-01,37.265385,45.274998,42.034233,93.59531
2000-05-01,21.805622,46.65,66.10399,125.55469
2000-06-01,14.889499,45.175003,61.165752,162.84062
2000-07-01,4.2318883,0.025,49.875805,174.2547
2000-08-01,33.141087,10.65,47.58613,160.55782
2000-09-01,4.416503,11.225,44.61601,122.51095
2000-10-01,38.653374,89.299995,25.109838,67.723434
2000-11-01,10.882988,24.75,16.439651,44.134377
2000-12-01,8.597998,22.275,10.908368,31.198437
2001-01-01,68.84749,151.65001,4.624107,32.720314
2001-02-01,92.61022,97.950005,1.1299025,41.090626
2001-03-01,48.01417,56.475006,4.973193,63.918747
2001-04-01,57.07768,68.025,37.294506,88.26875
2001-05-01,5.9551153,7.15,68.853165,152.94844
2001-06-01,0.51305044,1.8,56.130135,171.21094
2001-07-01,26.495651,23.025002,62.629692,181.10313
2001-08-01,3.714299,1.2,39.93994,166.64532
2001-09-01,9.63941,6.0499997,34.64066,129.35938
2001-10-01,19.784525,10.150001,20.428247,76.09375
2001-11-01,94.76723,121.775,19.911179,37.28594
2001-12-01,112.74925,185.02501,3.473989,25.871876
2002-01-01,28.0354,56.899998,2.3392122,31.959373
2002-02-01,28.57394,26.75,1.8672159,51.74375
2002-03-01,37.57798,48.675,11.0897045,66.20157
2002-04-01,36.58244,30.5,38.117023,90.55157
2002-05-01,11.905141,34.05,60.71754,121.75
2002-06-01,10.78445,3.1750002,62.826225,165.88438
2002-07-01,13.349754,3.0,57.64622,193.27812
2002-08-01,5.426768,2.375,40.544285,163.60156
2002-09-01,16.866993,2.375,36.81819,123.27188
2002-10-01,6.3928604,1.675,23.898743,72.28906
2002-11-01,100.14303,94.0,13.891385,37.28594
2002-12-01,133.56784,194.17502,8.934735,25.871876
2003-01-01,6.660147,23.925,1.4623616,34.242188
2003-02-01,47.885628,76.125,4.8338823,38.046875
2003-03-01,35.00985,47.45,13.15222,65.44063
2003-04-01,73.709656,108.525,34.9719,76.09375
2003-05-01,28.541662,56.25,56.248596,121.75
2003-06-01,5.3724008,2.175,64.40288,162.84062
2003-07-01,19.347347,19.400002,57.777008,190.99532
2003-08-01,26.26121,39.075,57.848053,156.75313
2003-09-01,6.90875,2.5,35.723034,124.03281
2003-10-01,2.6406074,0.675,19.661915,85.225
2003-11-01,33.687557,45.300003,13.244443,38.046875
2003-12-01,110.24851,183.65001,8.021261,25.871876
2004-01-01,51.2477,50.375004,1.5025504,28.915627
2004-02-01,116.75238,149.75,1.194899,38.80781
2004-03-01,15.950163,36.475002,6.916545,72.28907
2004-04-01,14.732638,16.725,52.063477,92.07344
2004-05-01,14.471573,12.6,62.84867,118.70625
2004-06-01,18.272526,2.9250002,62.573853,156.75313
2004-07-01,16.817722,5.175,58.64087,183.38594
2004-08-01,15.43484,2.725,47.00689,155.23125
2004-09-01,6.6505194,3.45,29.692526,117.94531
2004-10-01,91.85026,111.024994,20.125906,65.44063
2004-11-01,62.704346,98.125,10.118431,35.76406
2004-12-01,129.42769,234.25,3.3749053,25.871876
2005-01-01,138.27373,254.5,1.4956429,22.828125
2005-02-01,63.699898,121.825,1.2547748,34.242188
2005-03-01,80.124054,87.05,6.5235915,56.30938
2005-04-01,30.37022,42.525,18.54868,85.225006
2005-05-01,52.274952,72.65001,50.80264,114.901566
2005-06-01,16.676151,16.300001,66.32182,146.86093
2005-07-01,6.363978,4.7000003,58.028008,193.27812
2005-08-01,30.53501,9.900001,62.24917,162.07968
2005-09-01,15.964319,13.700001,38.03597,114.140625
2005-10-01,14.792097,24.825,28.501123,72.28906
2005-11-01,30.230911,18.800001,18.679934,45.65625
2005-12-01,210.3355,224.0,4.161557,24.35
2006-01-01,108.79032,200.125,2.7178407,31.959373
2006-02-01,71.7401,53.125004,3.856852,49.460938
2006-03-01,109.79661,135.45001,4.7482214,54.7875
2006-04-01,118.37083,124.5,11.932833,79.1375
2006-05-01,36.051826,31.900002,53.961346,126.31563
2006-06-01,11.138383,3.6999998,66.72157,162.84062
2006-07-01,17.426487,4.9,62.33886,190.23438
2006-08-01,4.3502436,0.025,42.53081,155.99219
2006-09-01,2.3421748,0.05,28.962116,117.94531
2006-10-01,29.27388,20.05,35.498867,70.00625
2006-11-01,27.285625,21.824999,19.119286,34.242188
2006-12-01,45.30616,80.600006,8.837792,31.959373
2007-01-01,23.885046,34.975002,3.050858,36.525
2007-02-01,96.25998,81.975006,7.737338,40.32969
2007-03-01,17.258297,34.55,19.804335,68.484375
2007-04-01,34.238,39.55,46.346592,89.79063
2007-05-01,9.031211,9.225,54.448822,133.92502
2007-06-01,2.08168,1.625,52.376293,165.88438
2007-07-01,13.820906,1.875,53.08022,190.99532
2007-08-01,11.298079,13.025001,41.957558,163.60156
2007-09-01,16.8585,12.525,40.960377,113.37969
2007-10-01,15.15056,22.725,26.392899,67.723434
2007-11-01,12.767603,13.799999,18.502626,45.65625
2007-12-01,76.395584,130.5,5.9788914,28.15469
2008-01-01,169.62819,265.575,2.0926545,25.871876
2008-02-01,114.85587,89.05,1.2645614,42.612503
2008-03-01,8.972318,7.75,7.5030403,63.918747
2008-04-01,2.6649592,1.5749999,41.900566,92.07344
2008-05-01,51.815125,25.825,63.680756,115.662506
2008-06-01,3.9781868,0.1,76.18584,162.07968
2008-07-01,6.7473555,3.375,56.44687,183.38594
2008-08-01,4.197344,0.025,41.3934,165.12344
2008-09-01,4.395547,1.25,28.7543,124.79375
2008-10-01,20.972607,11.050001,28.661158,76.09375
2008-11-01,43.801525,78.1,21.996147,40.32969
2008-12-01,65.62699,104.975006,11.137139,27.393751
2009-01-01,32.59292,83.525,3.1816497,35.76406
2009-02-01,91.44082,98.825,3.4725933,41.851562
2009-03-01,88.65581,49.625,11.480009,60.875
2009-04-01,21.397892,22.75,37.419197,90.55157
2009-05-01,35.242027,39.0,57.89503,135.44688
2009-06-01,69.143654,38.375004,92.22716,147.62189
2009-07-01,12.838392,3.2000003,62.332073,187.19063
2009-08-01,20.556381,3.7,54.92744,158.27501
2009-09-01,5.4437532,2.0500002,33.05019,128.59843
2009-10-01,69.36904,60.05,33.443027,65.44063
2009-11-01,19.796986,12.325,23.682058,42.612503
2009-12-01,74.894356,162.675,4.9392285,18.2625
2010-01-01,107.688866,134.225,1.5467082,28.915627
2010-02-01,87.02715,108.875,1.1993401,41.090626
2010-03-01,41.965046,45.9,6.751788,62.396873
2010-04-01,80.77075,83.200005,16.012844,84.464066
2010-05-01,20.696823,26.925,49.78968,107.29219
2010-06-01,8.372049,1.65,63.925415,159.79688
2010-07-01,8.960992,3.65,61.211353,189.47345
2010-08-01,5.9443564,2.25,44.11126,153.70938
2010-09-01,1.684144,0.15,29.021988,130.88126
2010-10-01,88.26676,66.5,45.69597,73.05
2010-11-01,81.64058,73.725006,22.200165,42.612503
2010-12-01,202.78966,249.425,3.5257866,30.4375
2011-01-01,23.754232,63.700005,2.0263984,28.15469
2011-02-01,111.26217,120.2,2.662333,44.134377
2011-03-01,170.09085,162.775,4.397983,58.592194
2011-04-01,26.802017,20.525002,18.57021,82.18125
2011-05-01,37.86226,72.00001,48.942757,107.29219
2011-06-01,40.678993,48.300003,66.09984,148.38281
2011-07-01,17.678488,2.8,61.51197,183.38594
2011-08-01,3.135547,1.0250001,51.393505,169.68906
2011-09-01,12.453881,3.6750002,36.46232,138.49063
2011-10-01,32.061165,44.925003,37.804314,79.89844
2011-11-01,21.995895,38.8,16.862421,41.851566
2011-12-01,3.3597999,8.075,10.851492,35.76406
2012-01-01,74.58345,95.65,5.5830603,38.80781
2012-02-01,26.389187,44.65,5.615759,47.93906
2012-03-01,75.95445,88.8,14.486513,67.723434
2012-04-01,42.512085,70.55,41.60421,93.595314
2012-05-01,5.653848,8.275001,63.819958,132.40314
2012-06-01,8.321648,8.025001,58.72411,159.03595
2012-07-01,5.9602118,5.9000006,48.413715,189.47345
2012-08-01,15.672116,3.6999998,47.823425,173.49376
2012-09-01,4.8123393,3.05,30.582174,127.83751
2012-10-01,17.31663,20.725,26.316563,77.61563
2012-11-01,72.773026,85.575005,16.394175,41.090626
2012-12-01,129.91415,193.25,5.854839,19.784374
2013-01-01,22.722448,33.15,1.7230734,32.720314
2013-02-01,7.7378006,24.375,5.8384275,47.93906
2013-03-01,21.713882,31.425001,22.151232,71.52813
2013-04-01,15.637575,21.050001,48.99054,100.443756
2013-05-01,22.018547,18.575,58.42199,123.27188
2013-06-01,7.251359,11.075,55.184418,165.88438
2013-07-01,20.084095,9.425,57.423897,199.36563
2013-08-01,19.913643,16.1,51.82952,162.84064
2013-09-01,16.146666,12.925,38.443657,116.42343
2013-10-01,16.594603,10.8,25.838984,74.57188
2013-11-01,18.167198,38.225002,14.4499,43.37344
2013-12-01,28.385931,29.500002,6.8566766,30.4375
2014-01-01,35.19389,28.800001,12.664511,41.851566
2014-02-01,85.13517,109.274994,11.619667,48.699997
2014-03-01,38.076317,42.375,27.715328,65.44063
2014-04-01,37.665756,43.750004,51.85726,98.16094
2014-05-01,20.583004,10.9,65.96583,126.31563
2014-06-01,3.394341,2.2500002,51.17613,168.92813
2014-07-01,24.861334,4.525,56.540936,193.27812
2014-08-01,28.465778,17.05,58.45562,153.70938
2014-09-01,24.774693,22.825,33.09049,120.22813
2014-10-01,0.35392243,24.95,29.669506,74.57188
2014-11-01,16.096836,39.475,18.092054,36.525
2014-12-01,74.49455,199.20001,6.786214,25.871876
2015-01-01,5.9596443,16.500002,7.9456167,35.76406
2015-02-01,57.339294,79.025,23.411724,51.74375
2015-03-01,10.029587,9.775001,37.848877,73.810936
2015-04-01,25.863668,56.85,42.36836,95.11719
2015-05-01,91.85196,42.775,70.557144,114.901566
2015-06-01,33.457077,23.050001,81.74544,175.77658
2015-07-01,44.782913,23.1,76.56003,187.19063
2015-08-01,10.188707,6.575,44.380215,167.40625
2015-09-01,9.803637,8.125,32.224678,122.51094
2015-10-01,32.00624,39.425003,37.06147,76.09375
2015-11-01,54.705482,105.1,14.563768,38.80781
2015-12-01,83.42326,127.125,6.654269,25.871876
2016-01-01,116.188354,191.45001,0.91231763,31.959373
2016-02-01,33.986553,28.800001,2.0769358,51.74375
2016-03-01,83.87008,125.825,11.671476,66.20157
2016-04-01,41.59979,61.875004,44.073494,94.35625
2016-05-01,40.64558,36.725002,71.00307,125.55469
2016-06-01,19.701849,10.475,72.97359,173.49376
2016-07-01,4.1220255,1.05,52.43098,188.7125
2016-08-01,5.2783947,1.4250001,41.304745,168.92813
2016-09-01,6.1193433,1.775,30.927923,124.79375
2016-10-01,66.490585,64.975,33.52996,69.245316
2016-11-01,19.495718,46.45,25.945139,41.090626
2016-12-01,88.155205,149.45,7.528024,28.915627
2017-01-01,355.5418,264.1,3.4156575,31.959373
2017-02-01,277.6234,207.75,4.2487693,44.134377
2017-03-01,51.881386,73.65,7.4853086,66.96251
2017-04-01,85.166306,100.0,23.108343,85.225006
2017-05-01,26.538128,17.600002,51.295525,127.837494
2017-06-01,7.1063867,10.175,58.056786,171.21094
2017-07-01,10.738582,2.175,60.990185,200.88751
2017-08-01,17.361364,3.825,48.97349,170.45
2017-09-01,21.11871,16.1,42.839943,121.75001
2017-10-01,6.878171,10.9,24.113005,75.33282
2017-11-01,83.594864,58.525,15.956894,41.090626
2017-12-01,6.485163,12.424999,13.0334015,35.76406
2018-01-01,48.394722,94.55,12.204089,35.764065
2018-02-01,19.830397,21.725,21.529278,49.460938
2018-03-01,165.86288,172.32501,10.271444,62.396873
2018-04-01,43.68204,65.325005,50.197376,96.63906
2018-05-01,51.376244,39.5,71.7413,120.98906
2018-06-01,2.019387,2.7250001,65.39914,169.68907
2018-07-01,35.510445,20.125002,68.65491,200.88751
2018-08-01,9.471223,1.0,49.084145,161.31876
2018-09-01,2.243073,0.87500006,29.544926,129.35938
2018-10-01,13.243858,17.225,27.474583,75.33282
2018-11-01,69.235954,88.775,9.57707,42.612503
2018-12-01,34.294056,88.2,4.464246,28.915627
2019-01-01,124.893936,162.40001,2.1133254,38.80781
2019-02-01,294.60764,235.175,4.6709666,44.134377
2019-03-01,90.99402,100.525,4.3264837,63.918747
2019-04-01,21.640833,31.650002,20.316568,94.35625
2019-05-01,61.011707,68.15,61.530506,108.81406
2019-06-01,19.306007,1.25,72.57339,169.68906
2019-07-01,16.506828,4.5,63.942333,190.23438
2019-08-01,4.7585406,1.5250001,43.875237,175.01562
2019-09-01,13.653282,11.200001,38.22836,114.901566
2019-10-01,0.4207437,2.0,18.597729,78.376564
2019-11-01,41.237923,43.350002,9.812059,49.460938
2019-12-01,88.8557,163.225,3.4149108,30.4375
2020-01-01,23.155094,39.825,2.3559127,34.242188
2020-02-01,6.897991,8.325001,7.77372,54.787502
2020-03-01,59.22335,82.799995,20.382425,59.353127
2020-04-01,66.23009,60.425003,41.046383,89.79063
2020-05-01,15.25193,26.699999,67.080315,130.88126
2020-06-01,22.891768,5.8,68.41923,164.3625
2020-07-01,7.590566,7.7,54.63442,195.56094
2020-08-01,8.186303,6.925,43.52189,179.58125
2020-09-01,5.203081,1.5,32.686134,135.44687
2020-10-01,0.025484074,1.6750002,17.976116,89.79063
2020-11-01,29.76202,34.975,14.376444,48.699997
2020-12-01,36.263054,58.7,10.32786,36.525
2021-01-01,136.28207,131.1,8.7272625,38.80781
2021-02-01,27.325836,33.850002,4.032262,51.74375
2021-03-01,32.716934,45.55,12.035993,70.00625
2021-04-01,16.182913,5.9750004,49.92635,105.77032
2021-05-01,19.013233,5.425,65.22298,135.44688
2021-06-01,13.20988,12.775,60.068413,176.5375
2021-07-01,21.212149,11.025,62.248024,201.64844
2021-08-01,2.6893094,0.82500005,42.41752,169.68906
2021-09-01,2.215888,2.65,28.867594,132.40314
2021-10-01,105.611145,89.075,25.040411,73.05
2021-11-01,10.039778,20.025,25.23994,43.37344
2021-12-01,209.11853,267.94998,8.486864,28.915627
2022-01-01,1.0855732,7.0499997,1.9019381,41.090626
2022-02-01,7.3459296,16.95,8.139618,55.54844
2022-03-01,23.47562,35.15,22.376434,73.81094
2022-04-01,30.709427,25.85,53.752846,97.4
2022-05-01,3.1457448,2.8500001,53.161507,127.837494
2022-06-01,10.638348,5.125,55.880394,168.92813
2022-07-01,5.647613,1.525,47.23117,194.8
2022-08-01,33.81044,28.725,60.475067,174.2547
2022-09-01,4.5801606,14.4,13.686557,128.59843
2022-10-01,0.5911964,2.125,8.102314,80.65938
2022-11-01,26.38296,44.4,4.012168,46.417187
2022-12-01,114.10665,286.625,1.1635954,30.4375
