time,p.ERA5_Land,p.CRUTS,e.ERA5_Land,e.CRUTS,i.NWM,o.NWM
1901-01-01,,26.460001,,30.4375,,
1901-02-01,,46.94,,43.221245,,
1901-03-01,,27.079998,,55.24407,,
1901-04-01,,21.95,,98.00876,,
1901-05-01,,51.06,,147.3175,,
1901-06-01,,7.46,,173.03719,,
1901-07-01,,8.325001,,226.30281,,
1901-08-01,,38.98,,194.49564,,
1901-09-01,,10.475,,139.40376,,
1901-10-01,,35.015003,,88.11656,,
1901-11-01,,12.975001,,51.43938,,
1901-12-01,,40.35,,26.93719,,
1902-01-01,,22.375,,27.545938,,
1902-02-01,,32.56,,45.960625,,
1902-03-01,,33.35,,53.265625,,
1902-04-01,,49.545002,,98.76969,,
1902-05-01,,25.704998,,134.68594,,
1902-06-01,,7.5200005,,188.10374,,
1902-07-01,,11.825,,201.9528,,
1902-08-01,,5.4950004,,189.62564,,
1902-09-01,,6.06,,145.79562,,
1902-10-01,,10.145,,91.61688,,
1902-11-01,,31.560003,,42.764687,,
1902-12-01,,30.36,,25.263126,,
1903-01-01,,67.84499,,25.415314,,
1903-02-01,,20.11,,21.154064,,
1903-03-01,,32.059998,,59.200935,,
1903-04-01,,31.560001,,96.03031,,
1903-05-01,,53.025,,122.05438,,
1903-06-01,,8.89,,187.95155,,
1903-07-01,,7.13,,204.69217,,
1903-08-01,,4.24,,203.4747,,
1903-09-01,,16.955,,131.03343,,
1903-10-01,,23.095,,82.78999,,
1903-11-01,,34.609997,,47.025932,,
1903-12-01,,16.755001,,19.327814,,
1904-01-01,,38.83,,20.84969,,
1904-02-01,,62.68,,45.50406,,
1904-03-01,,90.505,,61.179382,,
1904-04-01,,29.844997,,104.85718,,
1904-05-01,,49.374996,,135.2947,,
1904-06-01,,12.379999,,172.88498,,
1904-07-01,,12.365001,,207.1272,,
1904-08-01,,20.215002,,192.365,,
1904-09-01,,7.2650003,,149.29593,,
1904-10-01,,28.545002,,81.87687,,
1904-11-01,,0.28,,52.200317,,
1904-12-01,,25.814999,,27.241562,,
1905-01-01,,23.1,,31.654999,,
1905-02-01,,28.405003,,41.090626,,
1905-03-01,,52.129997,,69.245316,,
1905-04-01,,41.75,,110.64032,,
1905-05-01,,51.830006,,121.75,,
1905-06-01,,11.765,,178.05937,,
1905-07-01,,9.320001,,214.27998,,
1905-08-01,,17.815,,197.23502,,
1905-09-01,,35.995003,,144.73032,,
1905-10-01,,7.959999,,74.72407,,
1905-11-01,,23.965,,47.330315,,
1905-12-01,,21.645,,16.740625,,
1906-01-01,,49.559998,,21.610628,,
1906-02-01,,35.15,,36.068436,,
1906-03-01,,71.145,,59.961876,,
1906-04-01,,53.100006,,99.530624,,
1906-05-01,,77.65501,,127.07658,,
1906-06-01,,28.715,,159.18811,,
1906-07-01,,11.19,,209.86655,,
1906-08-01,,67.15,,181.71188,,
1906-09-01,,22.244999,,134.38156,,
1906-10-01,,10.665,,82.63781,,
1906-11-01,,35.825,,40.32969,,
1906-12-01,,46.475002,,34.546562,,
1907-01-01,,66.86,,29.372187,,
1907-02-01,,65.784996,,49.00437,,
1907-03-01,,60.135,,61.635937,,
1907-04-01,,34.45,,104.248436,,
1907-05-01,,49.659996,,129.05501,,
1907-06-01,,48.15,,157.05748,,
1907-07-01,,5.735,,209.25781,,
1907-08-01,,29.875,,185.66878,,
1907-09-01,,10.6,,143.51282,,
1907-10-01,,25.115,,92.53001,,
1907-11-01,,9.480001,,46.569374,,
1907-12-01,,62.45,,24.654377,,
1908-01-01,,22.835003,,22.828127,,
1908-02-01,,24.435,,39.11219,,
1908-03-01,,36.8,,64.83188,,
1908-04-01,,11.625,,116.11906,,
1908-05-01,,85.03501,,116.271255,,
1908-06-01,,50.24,,153.10063,,
1908-07-01,,15.209999,,214.12778,,
1908-08-01,,27.580002,,182.47281,,
1908-09-01,,42.71,,138.49063,,
1908-10-01,,67.08,,65.592804,,
1908-11-01,,26.05,,43.525623,,
1908-12-01,,18.74,,23.893436,,
1909-01-01,,88.09,,36.981567,,
1909-02-01,,63.945,,38.199066,,
1909-03-01,,43.485,,57.52688,,
1909-04-01,,31.235,,91.616875,,
1909-05-01,,43.769997,,122.05437,,
1909-06-01,,8.26,,189.32124,,
1909-07-01,,29.720001,,211.08406,,
1909-08-01,,43.65,,193.27814,,
1909-09-01,,43.629997,,130.88126,,
1909-10-01,,17.655,,89.18188,,
1909-11-01,,71.265,,49.156563,,
1909-12-01,,51.960003,,18.414692,,
1910-01-01,,43.29,,22.980316,,
1910-02-01,,41.19,,33.937813,,
1910-03-01,,21.815,,81.5725,,
1910-04-01,,11.460001,,122.96751,,
1910-05-01,,16.495,,147.62189,,
1910-06-01,,0.8999999,,199.67001,,
1910-07-01,,14.805,,219.15,,
1910-08-01,,6.2199993,,197.53938,,
1910-09-01,,17.2,,148.38281,,
1910-10-01,,34.605,,83.70313,,
1910-11-01,,20.315,,50.830627,,
1910-12-01,,34.665,,27.089375,,
1911-01-01,,63.46,,33.937813,,
1911-02-01,,34.230003,,28.763433,,
1911-03-01,,42.795,,67.875626,,
1911-04-01,,30.225002,,96.943436,,
1911-05-01,,29.555002,,133.46844,,
1911-06-01,,25.670002,,178.36375,,
1911-07-01,,6.7599998,,206.975,,
1911-08-01,,1.3799999,,200.8875,,
1911-09-01,,27.0,,142.90407,,
1911-10-01,,36.005,,77.31126,,
1911-11-01,,27.414999,,39.72094,,
1911-12-01,,22.185,,24.502188,,
1912-01-01,,25.564999,,31.80719,,
1912-02-01,,25.63,,41.851566,,
1912-03-01,,61.910004,,61.940315,,
1912-04-01,,51.35,,87.507805,,
1912-05-01,,35.38,,124.79376,,
1912-06-01,,21.09,,178.9725,,
1912-07-01,,32.055,,199.97438,,
1912-08-01,,33.885,,179.58125,,
1912-09-01,,20.520002,,117.94531,,
1912-10-01,,74.815,,72.13687,,
1912-11-01,,31.965002,,43.37344,,
1912-12-01,,13.405002,,22.980312,,
1913-01-01,,24.024998,,25.415314,,
1913-02-01,,27.654999,,36.525,,
1913-03-01,,40.655006,,58.28781,,
1913-04-01,,25.77,,111.85781,,
1913-05-01,,21.06,,143.36063,,
1913-06-01,,68.310005,,175.92874,,
1913-07-01,,24.555,,199.21342,,
1913-08-01,,14.464998,,193.12593,,
1913-09-01,,24.740002,,136.20782,,
1913-10-01,,27.91,,74.87625,,
1913-11-01,,46.565006,,42.764687,,
1913-12-01,,32.189995,,24.654375,,
1914-01-01,,80.18501,,29.828754,,
1914-02-01,,23.565,,38.50344,,
1914-03-01,,24.18,,70.76719,,
1914-04-01,,51.355,,101.661255,,
1914-05-01,,18.445,,152.49187,,
1914-06-01,,65.759995,,168.92812,,
1914-07-01,,30.924997,,204.23563,,
1914-08-01,,7.69,,198.4525,,
1914-09-01,,14.555,,143.36063,,
1914-10-01,,40.155003,,82.94219,,
1914-11-01,,3.3850002,,46.417187,,
1914-12-01,,12.075002,,23.741251,,
1915-01-01,,25.77,,24.35,,
1915-02-01,,53.989998,,40.1775,,
1915-03-01,,23.44,,73.50656,,
1915-04-01,,49.46,,122.35875,,
1915-05-01,,63.785004,,122.35875,,
1915-06-01,,21.105,,170.1456,,
1915-07-01,,7.165,,209.56218,,
1915-08-01,,3.2849998,,206.36626,,
1915-09-01,,49.095,,131.49,,
1915-10-01,,2.1250002,,97.09563,,
1915-11-01,,26.895,,46.721558,,
1915-12-01,,26.225,,26.785,,
1916-01-01,,64.705,,27.089375,,
1916-02-01,,46.155003,,39.56875,,
1916-03-01,,54.190002,,70.15843,,
1916-04-01,,21.615002,,109.11843,,
1916-05-01,,15.62,,124.185,,
1916-06-01,,11.885,,178.82034,,
1916-07-01,,12.785001,,212.30154,,
1916-08-01,,17.814999,,188.10376,,
1916-09-01,,10.425,,149.29593,,
1916-10-01,,63.325,,75.18063,,
1916-11-01,,16.095,,38.960003,,
1916-12-01,,61.865,,22.21938,,
1917-01-01,,31.194998,,17.501564,,
1917-02-01,,48.155,,26.785,,
1917-03-01,,26.855001,,40.93844,,
1917-04-01,,38.120003,,79.44188,,
1917-05-01,,70.73499,,115.96688,,
1917-06-01,,5.1700006,,177.14626,,
1917-07-01,,27.010004,,222.34595,,
1917-08-01,,6.4950004,,191.29968,,
1917-09-01,,22.865,,147.01314,,
1917-10-01,,1.7049999,,94.05189,,
1917-11-01,,29.684998,,45.047497,,
1917-12-01,,12.715,,46.569378,,
1918-01-01,,62.05999,,31.959377,,
1918-02-01,,34.055,,35.307503,,
1918-03-01,,33.125004,,70.462814,,
1918-04-01,,16.975,,97.55219,,
1918-05-01,,34.135,,135.75125,,
1918-06-01,,19.185,,207.1272,,
1918-07-01,,28.45,,210.17094,,
1918-08-01,,5.68,,184.9078,,
1918-09-01,,29.644999,,147.01312,,
1918-10-01,,40.969997,,79.898445,,
1918-11-01,,26.070002,,40.02531,,
1918-12-01,,16.61,,25.415314,,
1919-01-01,,2.5449996,,31.350626,,
1919-02-01,,53.355003,,42.76469,,
1919-03-01,,21.855001,,69.093124,,
1919-04-01,,31.349997,,110.03157,,
1919-05-01,,24.835001,,155.99219,,
1919-06-01,,0.7850001,,205.14876,,
1919-07-01,,6.7,,227.36813,,
1919-08-01,,11.440001,,199.67,,
1919-09-01,,38.379997,,138.33842,,
1919-10-01,,53.905006,,59.20094,,
1919-11-01,,24.130001,,42.30813,,
1919-12-01,,32.850002,,20.849691,,
1920-01-01,,16.91,,30.133123,,
1920-02-01,,28.125004,,48.243435,,
1920-03-01,,57.175007,,58.439995,,
1920-04-01,,62.964996,,77.46343,,
1920-05-01,,34.16,,129.05502,,
1920-06-01,,7.9550004,,177.45064,,
1920-07-01,,9.035,,220.06311,,
1920-08-01,,29.544998,,187.19063,,
1920-09-01,,24.695002,,133.62064,,
1920-10-01,,77.18001,,67.26688,,
1920-11-01,,30.295002,,40.329693,,
1920-12-01,,40.135002,,25.71969,,
1921-01-01,,44.99,,28.76344,,
1921-02-01,,35.665,,37.13375,,
1921-03-01,,38.86,,71.22375,,
1921-04-01,,62.560005,,89.48625,,
1921-05-01,,51.65,,132.40314,,
1921-06-01,,8.225,,185.66875,,
1921-07-01,,18.230001,,214.88875,,
1921-08-01,,22.505001,,187.19064,,
1921-09-01,,10.99,,135.44688,,
1921-10-01,,26.220005,,97.55219,,
1921-11-01,,17.259998,,56.46156,,
1921-12-01,,65.17,,34.39437,,
1922-01-01,,40.989998,,18.566875,,
1922-02-01,,53.030006,,33.329063,,
1922-03-01,,38.1,,47.02594,,
1922-04-01,,49.685,,75.94157,,
1922-05-01,,27.805002,,133.01187,,
1922-06-01,,11.845,,202.10501,,
1922-07-01,,18.045,,211.08406,,
1922-08-01,,41.469997,,193.88689,,
1922-09-01,,1.805,,157.2097,,
1922-10-01,,13.090001,,91.00813,,
1922-11-01,,43.195,,35.459694,,
1922-12-01,,57.07,,28.915625,,
1923-01-01,,52.670002,,28.915628,,
1923-02-01,,13.675001,,26.785,,
1923-03-01,,28.364996,,50.830627,,
1923-04-01,,68.105,,90.70375,,
1923-05-01,,38.269997,,134.68593,,
1923-06-01,,30.275003,,158.42719,,
1923-07-01,,15.605001,,212.45377,,
1923-08-01,,26.404999,,183.08154,,
1923-09-01,,32.095,,137.27313,,
1923-10-01,,53.835003,,66.65813,,
1923-11-01,,20.085,,48.09125,,
1923-12-01,,26.054998,,24.95875,,
1924-01-01,,16.055,,21.762814,,
1924-02-01,,14.85,,44.895313,,
1924-03-01,,46.46,,49.00437,,
1924-04-01,,13.33,,95.42156,,
1924-05-01,,24.425003,,148.99155,,
1924-06-01,,7.04,,191.60405,,
1924-07-01,,14.329999,,214.88875,,
1924-08-01,,7.55,,195.71312,,
1924-09-01,,10.839999,,141.53438,,
1924-10-01,,40.280003,,74.87625,,
1924-11-01,,21.675,,39.873127,,
1924-12-01,,66.97,,20.84969,,
1925-01-01,,21.015,,23.284687,,
1925-02-01,,31.66,,42.76469,,
1925-03-01,,38.25,,69.093124,,
1925-04-01,,41.644997,,97.552185,,
1925-05-01,,35.315002,,147.01314,,
1925-06-01,,51.704998,,163.2972,,
1925-07-01,,26.12,,216.10625,,
1925-08-01,,29.48,,183.53812,,
1925-09-01,,32.95,,127.07656,,
1925-10-01,,19.61,,78.37657,,
1925-11-01,,33.870003,,40.634068,,
1925-12-01,,22.22,,27.545938,,
1926-01-01,,25.280003,,25.567501,,
1926-02-01,,44.730003,,40.78625,,
1926-03-01,,18.135,,71.37593,,
1926-04-01,,38.33,,117.33656,,
1926-05-01,,44.195,,139.70813,,
1926-06-01,,7.375001,,197.53937,,
1926-07-01,,31.534998,,211.38846,,
1926-08-01,,22.115002,,190.0822,,
1926-09-01,,21.579998,,138.49062,,
1926-10-01,,10.315001,,87.50781,,
1926-11-01,,43.585,,51.74375,,
1926-12-01,,27.155003,,24.045626,,
1927-01-01,,30.25,,30.285309,,
1927-02-01,,51.914997,,39.72094,,
1927-03-01,,44.315,,59.6575,,
1927-04-01,,41.670002,,94.356255,,
1927-05-01,,38.155003,,122.51094,,
1927-06-01,,20.835001,,182.16844,,
1927-07-01,,10.745,,217.01938,,
1927-08-01,,17.125,,185.06,,
1927-09-01,,31.779995,,129.66377,,
1927-10-01,,29.689999,,86.4425,,
1927-11-01,,55.29,,50.830624,,
1927-12-01,,33.340004,,26.024063,,
1928-01-01,,15.245,,25.263126,,
1928-02-01,,15.470001,,40.78625,,
1928-03-01,,50.695,,69.85406,,
1928-04-01,,20.98,,92.83438,,
1928-05-01,,26.195002,,151.12218,,
1928-06-01,,25.495,,170.14565,,
1928-07-01,,10.315001,,216.10625,,
1928-08-01,,3.2599998,,194.19125,,
1928-09-01,,2.91,,156.75314,,
1928-10-01,,33.705,,83.55094,,
1928-11-01,,38.635,,40.634064,,
1928-12-01,,20.16,,20.849688,,
1929-01-01,,48.44,,27.089375,,
1929-02-01,,36.56,,29.524374,,
1929-03-01,,49.859997,,55.852814,,
1929-04-01,,61.76,,86.13813,,
1929-05-01,,6.135,,135.59906,,
1929-06-01,,28.789999,,176.5375,,
1929-07-01,,12.41,,215.80185,,
1929-08-01,,19.035,,195.71313,,
1929-09-01,,46.310005,,126.92439,,
1929-10-01,,18.65,,87.81219,,
1929-11-01,,6.1949997,,44.134373,,
1929-12-01,,14.315001,,36.82938,,
1930-01-01,,47.3,,21.306253,,
1930-02-01,,38.29,,41.699375,,
1930-03-01,,28.445002,,68.18,,
1930-04-01,,32.93,,121.750015,,
1930-05-01,,48.025,,124.3372,,
1930-06-01,,12.24,,185.21219,,
1930-07-01,,26.885004,,217.32376,,
1930-08-01,,62.270008,,182.32065,,
1930-09-01,,37.950005,,135.14249,,
1930-10-01,,43.37,,71.68031,,
1930-11-01,,29.759998,,33.024685,,
1930-12-01,,8.65,,8.979062,,
1931-01-01,,13.430002,,15.21875,,
1931-02-01,,15.735001,,31.807186,,
1931-03-01,,24.490002,,60.570625,,
1931-04-01,,24.145,,109.42281,,
1931-05-01,,24.315,,141.0778,,
1931-06-01,,3.3750005,,199.21346,,
1931-07-01,,18.155,,230.56406,,
1931-08-01,,14.770001,,198.90907,,
1931-09-01,,13.63,,141.07784,,
1931-10-01,,23.35,,87.81219,,
1931-11-01,,32.745003,,37.43813,,
1931-12-01,,44.785004,,18.414688,,
1932-01-01,,45.455,,19.480001,,
1932-02-01,,39.470005,,31.350622,,
1932-03-01,,40.945,,57.83125,,
1932-04-01,,52.484997,,96.33469,,
1932-05-01,,20.885,,135.75125,,
1932-06-01,,34.795,,172.42844,,
1932-07-01,,20.530003,,208.64908,,
1932-08-01,,37.835003,,188.8647,,
1932-09-01,,1.635,,154.62251,,
1932-10-01,,14.505,,78.98532,,
1932-11-01,,13.985001,,49.765312,,
1932-12-01,,34.894997,,16.89281,,
1933-01-01,,47.895,,24.654375,,
1933-02-01,,22.710001,,21.762812,,
1933-03-01,,21.35,,51.439373,,
1933-04-01,,34.915,,91.008125,,
1933-05-01,,49.94,,110.94469,,
1933-06-01,,1.59,,201.19186,,
1933-07-01,,8.9,,225.2375,,
1933-08-01,,6.9449997,,190.38657,,
1933-09-01,,10.025,,151.57877,,
1933-10-01,,6.999999,,102.270004,,
1933-11-01,,6.9449997,,47.33031,,
1933-12-01,,33.325,,36.82938,,
1934-01-01,,24.735,,29.067814,,
1934-02-01,,42.835,,56.15719,,
1934-03-01,,14.82,,90.85594,,
1934-04-01,,9.12,,133.77281,,
1934-05-01,,2.725,,173.34158,,
1934-06-01,,18.07,,184.14688,,
1934-07-01,,18.654999,,223.71562,,
1934-08-01,,17.244999,,203.17032,,
1934-09-01,,15.160001,,140.92563,,
1934-10-01,,20.345,,91.616875,,
1934-11-01,,53.375,,46.112812,,
1934-12-01,,35.02,,25.719687,,
1935-01-01,,16.400002,,31.350626,,
1935-02-01,,21.9,,40.32969,,
1935-03-01,,29.125,,62.244682,,
1935-04-01,,56.549995,,101.66124,,
1935-05-01,,57.175,,118.70625,,
1935-06-01,,2.3449998,,189.32124,,
1935-07-01,,2.73,,220.82407,,
1935-08-01,,11.435,,199.9744,,
1935-09-01,,7.999999,,156.14438,,
1935-10-01,,10.08,,84.464066,,
1935-11-01,,23.24,,37.285942,,
1935-12-01,,20.165,,26.17625,,
1936-01-01,,66.05499,,24.806562,,
1936-02-01,,75.075005,,32.111565,,
1936-03-01,,35.690002,,55.852814,,
1936-04-01,,23.385,,110.7925,,
1936-05-01,,16.560001,,156.75311,,
1936-06-01,,33.83,,188.40811,,
1936-07-01,,34.085,,213.67126,,
1936-08-01,,29.625,,189.47345,,
1936-09-01,,7.5750017,,141.3822,,
1936-10-01,,38.68,,84.311874,,
1936-11-01,,16.65,,43.829998,,
1936-12-01,,46.640003,,29.372183,,
1937-01-01,,45.200005,,15.523125,,
1937-02-01,,54.43,,34.850937,,
1937-03-01,,31.810001,,58.440002,,
1937-04-01,,37.705,,89.18188,,
1937-05-01,,26.880001,,152.64404,,
1937-06-01,,10.639999,,174.40686,,
1937-07-01,,40.795006,,210.7797,,
1937-08-01,,7.7750006,,200.27875,,
1937-09-01,,18.995,,153.86157,,
1937-10-01,,33.234997,,88.7253,,
1937-11-01,,31.220001,,49.460938,,
1937-12-01,,41.965,,35.003124,,
1938-01-01,,19.710001,,33.78562,,
1938-02-01,,33.59,,46.264996,,
1938-03-01,,78.135,,57.83125,,
1938-04-01,,40.075005,,105.9225,,
1938-05-01,,46.500004,,122.35874,,
1938-06-01,,14.969998,,185.66876,,
1938-07-01,,19.02,,202.56157,,
1938-08-01,,13.929998,,190.38655,,
1938-09-01,,5.1000004,,154.4703,,
1938-10-01,,52.439995,,81.115944,,
1938-11-01,,32.644997,,30.285313,,
1938-12-01,,29.985004,,29.67656,,
1939-01-01,,36.19,,23.893438,,
1939-02-01,,28.060001,,29.524374,,
1939-03-01,,19.909998,,65.59282,,
1939-04-01,,27.414999,,115.6625,,
1939-05-01,,28.015,,148.99158,,
1939-06-01,,23.705002,,175.92874,,
1939-07-01,,12.334999,,216.41064,,
1939-08-01,,7.8849998,,200.8875,,
1939-09-01,,25.790003,,137.27313,,
1939-10-01,,31.445002,,82.63781,,
1939-11-01,,1.1600001,,53.265625,,
1939-12-01,,14.214999,,35.155315,,
1940-01-01,,68.12,,32.41594,,
1940-02-01,,50.475002,,45.351875,,
1940-03-01,,32.68,,73.354385,,
1940-04-01,,44.305,,103.791885,,
1940-05-01,,5.0099993,,162.07968,,
1940-06-01,,11.585001,,204.84439,,
1940-07-01,,6.84,,224.1722,,
1940-08-01,,3.5850003,,210.77966,,
1940-09-01,,48.815,,125.250305,,
1940-10-01,,33.780003,,85.98594,,
1940-11-01,,31.795002,,36.82938,,
1940-12-01,,43.085,,27.698124,,
1941-01-01,,30.235004,,26.17625,,
1941-02-01,,42.54,,42.30813,,
1941-03-01,,42.749996,,70.31062,,
1941-04-01,,70.055,,91.00813,,
1941-05-01,,37.010002,,140.92563,,
1941-06-01,,39.219997,,168.31938,,
1941-07-01,,29.119999,,210.7797,,
1941-08-01,,29.4,,178.9725,,
1941-09-01,,18.38,,122.20656,,
1941-10-01,,56.379997,,70.00625,,
1941-11-01,,33.315002,,43.22125,,
1941-12-01,,53.184998,,30.285309,,
1942-01-01,,43.15,,19.784376,,
1942-02-01,,35.6,,29.219997,,
1942-03-01,,27.835001,,48.395626,,
1942-04-01,,38.530003,,101.50906,,
1942-05-01,,48.185,,115.8147,,
1942-06-01,,14.695002,,175.47218,,
1942-07-01,,10.234999,,226.60718,,
1942-08-01,,9.84,,198.4525,,
1942-09-01,,12.71,,145.49126,,
1942-10-01,,19.070002,,82.02907,,
1942-11-01,,55.485004,,42.46032,,
1942-12-01,,36.389996,,25.110937,,
1943-01-01,,34.364998,,31.502811,,
1943-02-01,,33.61,,37.59031,,
1943-03-01,,30.01,,68.94094,,
1943-04-01,,25.715,,123.11969,,
1943-05-01,,21.565,,132.7075,,
1943-06-01,,58.6,,165.27563,,
1943-07-01,,11.535001,,214.27998,,
1943-08-01,,21.005003,,194.8,,
1943-09-01,,1.74,,161.62312,,
1943-10-01,,47.33,,87.50782,,
1943-11-01,,9.360001,,47.939064,,
1943-12-01,,24.82,,29.828747,,
1944-01-01,,34.004997,,16.284061,,
1944-02-01,,22.965,,35.307503,,
1944-03-01,,46.22,,55.54844,,
1944-04-01,,74.58501,,87.051254,,
1944-05-01,,30.35,,140.46907,,
1944-06-01,,72.12499,,158.88374,,
1944-07-01,,4.6549997,,215.04094,,
1944-08-01,,0.37499997,,199.21344,,
1944-09-01,,8.105,,148.23062,,
1944-10-01,,7.9800005,,97.55219,,
1944-11-01,,52.745003,,36.068436,,
1944-12-01,,24.869999,,29.372189,,
1945-01-01,,10.379999,,31.198435,,
1945-02-01,,50.295002,,41.395,,
1945-03-01,,43.73,,56.309376,,
1945-04-01,,28.0,,89.18188,,
1945-05-01,,43.010002,,138.18625,,
1945-06-01,,70.14,,153.25282,,
1945-07-01,,11.725,,216.25845,,
1945-08-01,,52.745003,,187.19064,,
1945-09-01,,24.45,,128.14188,,
1945-10-01,,23.980001,,90.24719,,
1945-11-01,,54.369995,,35.916252,,
1945-12-01,,46.305,,25.263126,,
1946-01-01,,24.735,,21.154064,,
1946-02-01,,12.02,,36.37281,,
1946-03-01,,50.920006,,66.81032,,
1946-04-01,,32.379997,,119.61937,,
1946-05-01,,47.309998,,132.40312,,
1946-06-01,,4.8550005,,189.32124,,
1946-07-01,,13.365,,217.47595,,
1946-08-01,,18.140001,,198.60469,,
1946-09-01,,9.17,,142.59969,,
1946-10-01,,89.765,,62.0925,,
1946-11-01,,39.530003,,39.72094,,
1946-12-01,,42.675003,,34.85094,,
1947-01-01,,24.61,,19.936565,,
1947-02-01,,16.890001,,49.460938,,
1947-03-01,,29.314999,,77.00688,,
1947-04-01,,46.874996,,94.50844,,
1947-05-01,,37.365,,153.2528,,
1947-06-01,,63.04,,161.47093,,
1947-07-01,,2.9950001,,217.62814,,
1947-08-01,,41.499996,,185.82095,,
1947-09-01,,32.765,,143.05626,,
1947-10-01,,38.530003,,84.0075,,
1947-11-01,,36.930004,,30.285313,,
1947-12-01,,24.945002,,21.915,,
1948-01-01,,21.045002,,27.241566,,
1948-02-01,,25.715,,40.177505,,
1948-03-01,,40.445,,51.895935,,
1948-04-01,,46.025,,95.57375,,
1948-05-01,,18.49,,138.33844,,
1948-06-01,,46.66,,175.77657,,
1948-07-01,,4.3,,213.97563,,
1948-08-01,,13.045,,195.56094,,
1948-09-01,,16.105,,148.99156,,
1948-10-01,,20.605,,87.051254,,
1948-11-01,,35.5,,30.4375,,
1948-12-01,,53.375,,21.458439,,
1949-01-01,,51.29,,9.587813,,
1949-02-01,,28.265,,30.133123,,
1949-03-01,,40.44,,63.61438,,
1949-04-01,,19.015001,,120.68469,,
1949-05-01,,66.33,,137.12096,,
1949-06-01,,27.705002,,171.81969,,
1949-07-01,,11.385,,212.60593,,
1949-08-01,,13.115001,,197.23499,,
1949-09-01,,10.905,,153.10062,,
1949-10-01,,55.195,,66.81031,,
1949-11-01,,20.98,,53.11344,,
1949-12-01,,41.870003,,27.39375,,
1950-01-01,67.120026,60.234997,4.0217495,29.372187,,
1950-02-01,29.745134,19.150002,4.7234917,38.199062,,
1950-03-01,62.82995,37.445,19.76887,60.418438,,
1950-04-01,43.91123,23.810001,63.757942,99.37843,,
1950-05-01,64.55256,43.06,98.87595,123.576256,,
1950-06-01,20.787775,12.790001,104.92359,176.99405,,
1950-07-01,22.247242,24.350002,102.078094,203.93124,,
1950-08-01,2.1644208,3.2949996,70.772896,193.43031,,
1950-09-01,31.394733,23.289999,63.605328,129.66374,,
1950-10-01,14.972124,17.575,35.12096,97.85657,,
1950-11-01,67.18274,49.23,22.187437,47.178123,,
1950-12-01,57.14764,41.445,9.972757,26.937185,,
1951-01-01,56.17183,42.74,8.995398,26.937185,,
1951-02-01,52.18978,32.39,8.244461,43.06906,,
1951-03-01,47.91143,22.66,19.877558,59.35312,,
1951-04-01,85.31597,51.9,69.53327,110.03157,,
1951-05-01,71.94897,34.614998,108.215004,132.40312,,
1951-06-01,14.042603,8.825,106.9956,168.31937,,
1951-07-01,23.1987,25.135002,100.583725,213.51904,,
1951-08-01,42.580925,44.025,96.836136,181.71188,,
1951-09-01,4.982072,3.3600001,58.492786,148.68718,,
1951-10-01,43.603146,31.330002,43.63382,73.202194,,
1951-11-01,38.358654,41.61,19.473797,34.546566,,
1951-12-01,91.626,62.629997,8.094164,23.436874,,
1952-01-01,54.3839,51.170002,3.0553486,21.915003,,
1952-02-01,48.09362,30.85,3.6241965,26.17625,,
1952-03-01,81.771255,59.905006,5.086901,41.395004,,
1952-04-01,19.266079,26.955002,31.873909,103.4875,,
1952-05-01,50.790524,23.76,113.99033,140.46907,,
1952-06-01,23.47348,30.189999,109.51987,176.84187,,
1952-07-01,5.8738914,15.9,94.16562,205.9097,,
1952-08-01,7.324605,19.535,80.86088,193.7347,,
1952-09-01,3.0267406,2.425,50.61239,158.57938,,
1952-10-01,0.02789025,0.040000003,27.265675,107.74876,,
1952-11-01,36.3062,22.59,19.629978,36.67719,,
1952-12-01,59.337273,22.925,2.9913242,24.95875,,
1953-01-01,74.354416,64.375,3.3690965,39.72094,,
1953-02-01,29.359854,18.85,11.7352,45.351875,,
1953-03-01,37.112106,26.735,23.749504,70.615,,
1953-04-01,79.58523,49.489998,63.515625,88.26875,,
1953-05-01,77.044174,39.905003,98.14205,110.48812,,
1953-06-01,37.692085,21.780003,121.5233,173.64594,,
1953-07-01,10.866439,12.254999,101.29622,218.69344,,
1953-08-01,12.040064,16.805002,85.717026,192.21281,,
1953-09-01,1.5380472,3.395,51.072815,156.90532,,
1953-10-01,21.173326,15.360001,33.221424,86.4425,,
1953-11-01,29.65875,17.59,23.222149,52.04812,,
1953-12-01,39.306393,20.845001,11.633397,23.893438,,
1954-01-01,40.99876,33.945,5.077376,34.242188,,
1954-02-01,26.643002,14.875,10.965156,38.80781,,
1954-03-01,61.186913,42.365,21.648392,58.896564,,
1954-04-01,48.853455,15.710001,71.84102,113.07532,,
1954-05-01,23.640179,20.929998,106.65294,150.36125,,
1954-06-01,53.444725,34.220005,106.01676,166.79752,,
1954-07-01,8.266983,14.1449995,98.51332,219.3022,,
1954-08-01,10.460269,11.6050005,77.3345,184.9078,,
1954-09-01,8.24761,22.82,55.25284,143.20847,,
1954-10-01,18.02425,16.51,33.54149,85.22499,,
1954-11-01,28.105402,35.125,21.377735,53.265625,,
1954-12-01,30.559734,22.670002,10.709387,26.024067,,
1955-01-01,42.888752,44.845,3.2487457,18.414686,,
1955-02-01,45.519154,39.44,4.8378873,26.632816,,
1955-03-01,25.51814,13.834999,14.07956,46.265,,
1955-04-01,41.82588,27.455002,34.72595,86.89906,,
1955-05-01,52.61921,27.475002,96.965385,133.92502,,
1955-06-01,36.251087,37.4,112.31726,171.21094,,
1955-07-01,13.607726,15.565001,97.54726,207.12717,,
1955-08-01,26.27819,28.579998,86.06515,195.10439,,
1955-09-01,16.388382,22.685001,58.838055,141.99094,,
1955-10-01,13.37366,18.205,32.886627,89.029686,,
1955-11-01,43.959866,37.370003,19.659231,33.32906,,
1955-12-01,104.00928,60.8,9.723764,33.63344,,
1956-01-01,84.71287,69.675,9.579009,33.481255,,
1956-02-01,29.500237,18.670002,6.9720926,26.632812,,
1956-03-01,7.351861,3.8399997,18.741415,66.20156,,
1956-04-01,44.700798,27.35,61.47891,103.79187,,
1956-05-01,63.493557,46.815,105.75342,139.40376,,
1956-06-01,11.4585285,10.9800005,113.16683,189.16907,,
1956-07-01,7.5695868,15.985001,89.85061,214.28003,,
1956-08-01,3.6454878,2.7900004,74.99283,184.45126,,
1956-09-01,1.42629,3.045,48.0932,156.14438,,
1956-10-01,31.704525,31.334997,37.437965,82.02907,,
1956-11-01,8.904528,9.650001,18.32757,34.698746,,
1956-12-01,45.60515,33.645,5.934817,25.415312,,
1957-01-01,38.378925,33.670002,4.2259874,23.741251,,
1957-02-01,35.65475,25.84,8.402695,47.63469,,
1957-03-01,54.497593,44.085,26.5017,66.353745,,
1957-04-01,75.71446,61.5,68.136566,90.09499,,
1957-05-01,100.15142,82.11001,102.59574,124.18501,,
1957-06-01,28.27573,27.835001,119.23832,174.40688,,
1957-07-01,5.793725,7.5950003,99.644196,211.69283,,
1957-08-01,7.222097,16.68,82.03946,192.2128,,
1957-09-01,10.5491085,6.7300005,52.519844,147.1653,,
1957-10-01,27.56635,18.855,39.99446,72.59344,,
1957-11-01,48.283043,37.454998,21.689503,25.415314,,
1957-12-01,40.983547,35.769997,8.262322,28.763437,,
1958-01-01,38.663193,29.855,4.0196443,24.045626,,
1958-02-01,54.69809,47.685,7.916058,49.460938,,
1958-03-01,46.799267,48.93,21.087856,52.809063,,
1958-04-01,52.24064,31.960003,67.94157,84.76844,,
1958-05-01,18.950392,16.905003,102.18145,162.84062,,
1958-06-01,12.365939,9.48,101.573166,187.19063,,
1958-07-01,4.010964,7.06,85.97823,206.8228,,
1958-08-01,15.051434,17.18,80.668686,199.67001,,
1958-09-01,15.125319,10.66,58.464123,142.29532,,
1958-10-01,3.8693447,0.78,30.566477,95.11718,,
1958-11-01,45.170578,36.990005,21.49475,38.655632,,
1958-12-01,34.374916,19.355,8.71906,36.677185,,
1959-01-01,41.045345,35.624996,8.597394,31.80719,,
1959-02-01,56.5744,38.000004,8.395463,42.155945,,
1959-03-01,33.04333,24.935001,33.01621,63.918743,,
1959-04-01,32.244473,31.86,71.183266,107.90094,,
1959-05-01,56.96227,39.665,99.53177,118.09752,,
1959-06-01,23.841927,27.404999,107.942,190.99533,,
1959-07-01,9.061932,5.885,94.4603,216.41061,,
1959-08-01,21.964153,32.774998,84.566345,185.97316,,
1959-09-01,60.015804,46.07,63.45594,118.40187,,
1959-10-01,25.31385,8.83,44.16709,78.22438,,
1959-11-01,6.135513,2.6000001,19.214647,48.852184,,
1959-12-01,25.922625,28.305002,9.601297,27.39375,,
1960-01-01,46.02858,31.485,2.793533,22.219376,,
1960-02-01,54.390835,46.415,5.4945703,26.937191,,
1960-03-01,51.29036,38.48,11.402738,66.81032,,
1960-04-01,33.261528,24.414999,62.51675,104.248436,,
1960-05-01,39.35815,12.665,101.40089,137.88187,,
1960-06-01,17.863598,8.835,103.21311,190.53876,,
1960-07-01,7.060526,7.1299996,87.66972,227.36812,,
1960-08-01,20.44434,14.715001,82.08304,187.95157,,
1960-09-01,28.881233,15.314998,62.63048,153.40501,,
1960-10-01,38.581635,31.670002,44.32977,79.137505,,
1960-11-01,62.255894,45.755,24.089174,41.851562,,
1960-12-01,12.564635,11.539999,10.342105,25.415314,,
1961-01-01,2.867712,1.1000001,5.522902,33.02469,,
1961-02-01,37.856983,30.865002,11.487943,45.808437,,
1961-03-01,47.924637,39.609997,23.459019,62.092506,,
1961-04-01,36.457237,15.82,66.829,97.552185,,
1961-05-01,26.344896,13.65,95.07099,140.0125,,
1961-06-01,11.306742,8.665,95.56952,205.9097,,
1961-07-01,28.689672,20.075,96.74957,221.43282,,
1961-08-01,44.660187,31.790003,86.185585,193.88687,,
1961-09-01,66.401306,44.11,73.60958,112.162186,,
1961-10-01,56.21105,40.254997,45.53603,71.52812,,
1961-11-01,47.02248,29.375,16.447998,32.263752,,
1961-12-01,48.348637,34.25,6.748073,22.980312,,
1962-01-01,28.443235,30.204998,4.195945,17.197186,,
1962-02-01,80.031105,56.579998,5.7030573,35.307503,,
1962-03-01,39.772118,41.835,13.328516,49.917496,,
1962-04-01,40.879288,40.35,62.591587,114.140625,,
1962-05-01,61.469875,55.004997,99.78753,124.641556,,
1962-06-01,21.074795,17.805002,113.02393,177.75502,,
1962-07-01,21.270475,25.355001,97.376205,206.36626,,
1962-08-01,8.447863,5.775,78.48456,187.34282,,
1962-09-01,16.168818,8.340001,55.13851,151.42656,,
1962-10-01,13.438317,16.679998,37.29691,91.61688,,
1962-11-01,18.228304,11.595,19.571758,48.24344,,
1962-12-01,9.45005,8.015,10.469642,28.002499,,
1963-01-01,37.61106,35.345005,5.1179905,21.915003,,
1963-02-01,24.413404,25.57,11.909331,55.39625,,
1963-03-01,39.516434,32.93,25.855642,64.07094,,
1963-04-01,110.969894,82.455,61.553013,78.22438,,
1963-05-01,50.021374,19.560001,110.32414,146.70877,,
1963-06-01,85.57177,59.310005,124.12539,156.75313,,
1963-07-01,1.8208815,1.585,97.76478,214.5844,,
1963-08-01,19.96386,22.145,80.95762,194.34343,,
1963-09-01,51.557663,37.379997,70.92975,145.33907,,
1963-10-01,33.267185,31.3,45.56273,97.70438,,
1963-11-01,55.459076,48.915,23.16398,40.634064,,
1963-12-01,27.24842,19.55,7.7080526,19.936563,,
1964-01-01,36.212658,30.055002,4.125502,16.131872,,
1964-02-01,15.552359,9.215001,5.9270406,21.001873,,
1964-03-01,43.952328,37.535,12.854183,36.829372,,
1964-04-01,55.591743,49.695,36.245026,84.464066,,
1964-05-01,80.48506,57.425,99.97373,127.22876,,
1964-06-01,103.63538,85.01,126.75813,156.29655,,
1964-07-01,3.3757267,4.585,106.74992,218.84563,,
1964-08-01,7.264732,6.8650002,82.3962,183.53812,,
1964-09-01,6.3810935,4.1150002,51.116043,138.18625,,
1964-10-01,7.7119975,13.120001,28.610157,93.8997,,
1964-11-01,49.624054,38.415,23.639885,35.611877,,
1964-12-01,91.15093,92.615005,10.916064,29.067814,,
1965-01-01,41.67005,42.605,6.7467766,31.046253,,
1965-02-01,27.798859,21.305,12.578048,40.786247,,
1965-03-01,16.10459,8.61,25.322062,56.46156,,
1965-04-01,64.9853,45.325,65.31111,97.4,,
1965-05-01,56.3259,36.9,97.2666,117.79313,,
1965-06-01,44.972515,40.290005,111.06824,164.21031,,
1965-07-01,21.550896,29.329998,100.10051,201.0397,,
1965-08-01,22.66294,43.115005,84.9555,170.45,,
1965-09-01,52.48861,39.575005,64.748985,108.20532,,
1965-10-01,5.5344734,4.405,36.0537,95.72594,,
1965-11-01,63.890217,59.815002,25.052961,51.895935,,
1965-12-01,40.365253,39.91,11.059361,25.110939,,
1966-01-01,27.422722,13.854999,4.4597716,27.545938,,
1966-02-01,29.051968,29.2,6.0354414,28.15469,,
1966-03-01,30.391115,20.380001,20.97025,64.07094,,
1966-04-01,31.72407,18.86,64.66923,100.291565,,
1966-05-01,35.386246,25.985,103.45382,158.57938,,
1966-06-01,6.561268,8.15,91.88167,180.64658,,
1966-07-01,8.104451,5.8949995,88.74057,221.43283,,
1966-08-01,7.4539633,9.05,75.05471,191.75626,,
1966-09-01,24.670582,18.454998,60.277473,146.1,,
1966-10-01,20.392752,18.145,34.22455,77.61563,,
1966-11-01,44.774513,26.294998,22.3089,50.98281,,
1966-12-01,56.614716,42.76,12.143848,18.87125,,
1967-01-01,54.512955,46.484997,4.771211,30.133127,,
1967-02-01,21.402525,14.825,8.325627,43.677814,,
1967-03-01,48.481625,42.965004,26.70074,70.00624,,
1967-04-01,80.771545,54.015003,69.90597,81.11594,,
1967-05-01,60.90395,49.335003,96.38772,125.70687,,
1967-06-01,118.89155,75.185005,121.4863,157.36186,,
1967-07-01,12.4721,20.35,112.79423,214.58438,,
1967-08-01,6.896499,5.875,82.024826,204.54001,,
1967-09-01,13.147538,17.750002,54.756718,146.1,,
1967-10-01,32.968056,22.710001,46.146793,84.0075,,
1967-11-01,24.568735,13.975001,21.383366,51.28719,,
1967-12-01,48.56143,44.204998,8.755336,15.979686,,
1968-01-01,27.8476,20.310001,3.2574415,21.306253,,
1968-02-01,62.191315,49.415,5.7953405,43.22125,,
1968-03-01,39.41973,43.29,24.529259,74.2675,,
1968-04-01,47.19922,46.485,66.57821,82.48563,,
1968-05-01,43.40503,41.02,100.027985,126.619995,,
1968-06-01,49.244007,51.325,115.31423,173.0372,,
1968-07-01,8.380514,13.389999,91.66438,216.56282,,
1968-08-01,53.482193,73.62,93.1512,161.7753,,
1968-09-01,15.840894,7.1200004,58.621105,127.07658,,
1968-10-01,34.3539,32.615,39.053684,79.137505,,
1968-11-01,42.945377,28.635,22.398014,34.546562,,
1968-12-01,60.051666,40.200005,10.312834,25.871876,,
1969-01-01,84.67978,63.319996,3.289795,35.916252,,
1969-02-01,65.80521,58.829998,4.636422,31.807186,,
1969-03-01,13.277901,9.875,13.284187,47.482502,,
1969-04-01,46.992104,29.550003,66.15185,101.81344,,
1969-05-01,6.436824,3.5199997,102.75082,165.58,,
1969-06-01,82.43217,66.005,107.6792,161.9275,,
1969-07-01,9.408269,14.0199995,102.56223,211.9972,,
1969-08-01,6.6189427,10.980001,80.5679,204.84436,,
1969-09-01,8.442545,9.49,55.34024,152.03531,,
1969-10-01,49.793266,40.480003,39.14023,58.896564,,
1969-11-01,14.803823,13.255,21.46668,41.69937,,
1969-12-01,33.53321,31.170002,10.961856,29.828747,,
1970-01-01,63.902634,56.405006,5.5744147,33.329063,,
1970-02-01,18.781858,14.330002,12.228137,54.33094,,
1970-03-01,34.65713,25.275,34.928288,60.875008,,
1970-04-01,60.536064,41.55,62.006496,77.615616,,
1970-05-01,35.30666,29.025,99.06077,134.68594,,
1970-06-01,46.2603,45.579998,113.54309,178.05939,,
1970-07-01,12.976912,25.819998,94.90643,210.01875,,
1970-08-01,8.405228,12.740001,75.419044,203.3225,,
1970-09-01,22.973902,37.309998,60.896267,123.42406,,
1970-10-01,41.80108,37.775,38.885014,65.13625,,
1970-11-01,64.40603,63.329998,20.294533,42.916874,,
1970-12-01,55.592793,45.965,10.496811,24.654375,,
1971-01-01,44.480827,44.59,4.379983,32.8725,,
1971-02-01,35.529,33.780006,11.75337,37.7425,,
1971-03-01,36.61917,27.594997,20.840683,61.027184,,
1971-04-01,87.32416,65.675,59.953045,94.965004,,
1971-05-01,53.320747,33.36,107.6375,127.228745,,
1971-06-01,30.939371,31.185001,115.17244,176.08093,,
1971-07-01,3.8834207,6.625,89.797554,216.71501,,
1971-08-01,21.715542,34.754997,80.191605,201.49626,,
1971-09-01,40.56136,28.669998,66.87754,122.81529,,
1971-10-01,62.9041,64.854996,44.477997,64.679695,,
1971-11-01,37.84641,36.480003,14.489936,31.807186,,
1971-12-01,56.046597,53.355,7.74,18.871252,,
1972-01-01,38.40695,33.7,5.5326552,30.133123,,
1972-02-01,18.25445,11.465,9.365876,45.35188,,
1972-03-01,25.213568,20.425,29.414396,81.42031,,
1972-04-01,64.09848,55.325,70.122894,98.31313,,
1972-05-01,18.006477,4.905,96.303215,143.36064,,
1972-06-01,45.065376,28.480001,113.018135,185.51657,,
1972-07-01,5.3499193,3.78,91.62699,214.1278,,
1972-08-01,9.762255,13.745,76.41498,186.88626,,
1972-09-01,30.97026,29.470001,66.434364,129.66376,,
1972-10-01,83.48981,65.455,47.251366,78.22438,,
1972-11-01,41.20472,35.815002,20.039812,31.350622,,
1972-12-01,52.99167,46.235,8.070087,14.914373,,
1973-01-01,49.712887,40.105,2.17148,14.305624,,
1973-02-01,36.02067,28.180002,3.098931,31.350622,,
1973-03-01,60.263992,50.65,11.670635,54.33094,,
1973-04-01,55.3388,35.995,53.41533,87.507805,,
1973-05-01,24.953865,26.319998,108.67548,150.81781,,
1973-06-01,39.391006,26.645,113.80692,185.66875,,
1973-07-01,57.62341,37.844997,110.8116,212.45377,,
1973-08-01,13.087257,18.94,90.56031,197.23499,,
1973-09-01,60.405872,57.765003,72.492004,122.05437,,
1973-10-01,24.038656,16.465,46.17886,84.15968,,
1973-11-01,55.830837,46.38,24.005037,40.786255,,
1973-12-01,60.049316,44.55,10.762952,27.089376,,
1974-01-01,46.246178,43.895,3.2268867,21.458439,,
1974-02-01,39.490604,26.595001,6.379879,29.220001,,
1974-03-01,30.413523,22.52,22.324667,75.180626,,
1974-04-01,66.831276,59.145,68.56177,91.92125,,
1974-05-01,19.7626,13.245,98.89642,142.2953,,
1974-06-01,6.6872745,8.6,98.90781,203.77907,,
1974-07-01,14.831102,14.280001,94.93853,216.25842,,
1974-08-01,6.783866,4.8450003,74.01719,186.1253,,
1974-09-01,0.95279384,0.47000003,51.26542,155.68782,,
1974-10-01,54.394985,58.65,37.30926,90.2472,,
1974-11-01,23.80506,18.819998,25.204454,43.829998,,
1974-12-01,40.216347,36.0,13.196309,21.154064,,
1975-01-01,38.35387,36.524998,3.6589327,21.306248,,
1975-02-01,44.560265,30.12,7.969277,38.96,,
1975-03-01,72.752365,68.01,18.80393,58.744373,,
1975-04-01,63.31652,46.095,47.305546,71.832504,,
1975-05-01,73.20054,49.985,94.08487,113.83626,,
1975-06-01,55.42917,44.075005,122.18379,162.38406,,
1975-07-01,33.808094,21.52,106.94553,209.41,,
1975-08-01,9.058173,4.5,90.257576,178.51595,,
1975-09-01,2.9870958,5.28,53.274864,146.86093,,
1975-10-01,56.69917,57.934998,45.576996,76.85469,,
1975-11-01,36.35855,34.260002,23.924362,35.916252,,
1975-12-01,23.388657,21.960001,8.122484,28.306875,,
1976-01-01,18.063038,21.399998,4.5500894,21.001877,,
1976-02-01,67.81285,55.389996,5.7859077,39.11219,,
1976-03-01,40.07913,31.55,18.375063,50.37406,,
1976-04-01,59.37715,49.039997,51.719242,91.92125,,
1976-05-01,42.92812,20.474998,110.94519,150.97,,
1976-06-01,26.807178,28.905003,106.027824,174.71124,,
1976-07-01,21.107965,20.285,99.177216,216.41064,,
1976-08-01,31.711058,23.494999,90.14238,169.84126,,
1976-09-01,29.824274,12.984999,63.732063,142.4475,,
1976-10-01,30.618109,18.469997,42.813187,80.202805,,
1976-11-01,4.6338124,3.3400002,17.72995,47.63469,,
1976-12-01,5.3079896,1.47,6.7628436,29.372187,,
1977-01-01,25.344524,17.895,4.532126,24.958752,,
1977-02-01,11.50157,14.165001,11.366664,42.916874,,
1977-03-01,34.722153,29.85,20.125034,56.765938,,
1977-04-01,11.1604,8.7,52.92614,127.53312,,
1977-05-01,116.06557,91.68,92.60766,116.727806,,
1977-06-01,13.137436,10.08,111.61127,205.45312,,
1977-07-01,36.449165,32.96,100.30481,213.82344,,
1977-08-01,85.842354,53.189995,93.37585,185.51657,,
1977-09-01,41.532345,28.845001,77.26441,138.03406,,
1977-10-01,19.749699,17.275002,41.68855,89.48625,,
1977-11-01,30.445904,23.975002,21.34366,48.7,,
1977-12-01,49.133297,41.489998,13.548432,40.634068,,
1978-01-01,61.788246,53.214996,11.02944,38.50344,,
1978-02-01,59.95023,52.325,16.832945,46.569374,,
1978-03-01,73.74756,68.310005,43.431545,77.92,,
1978-04-01,74.74994,68.005005,85.21291,91.92125,,
1978-05-01,28.535578,25.445004,103.04543,118.097496,,
1978-06-01,6.845084,4.01,95.919014,180.18999,,
1978-07-01,4.247616,3.425,88.0846,211.84502,,
1978-08-01,25.603989,24.800001,86.0169,182.47281,,
1978-09-01,57.3286,46.835,68.49651,124.032814,,
1978-10-01,2.421536,0.29999998,39.857395,96.33468,,
1978-11-01,61.701485,48.23,18.169884,38.960003,,
1978-12-01,45.65405,35.11,10.461226,18.87125,,
1979-01-01,53.63387,47.780003,2.743698,19.48,,
1979-02-01,52.418957,36.235,4.2389474,33.785625,270921989.9444215,405857024.92838836
1979-03-01,44.501225,29.599997,15.415351,58.592186,400728915.0430106,483909487.18377984
1979-04-01,23.10822,16.715,60.889698,95.72594,47836060.930780694,473363989.4194901
1979-05-01,35.93869,25.66,106.21881,139.55595,29006693.351649866,473758459.410673
1979-06-01,22.190575,13.13,103.54157,188.25595,18934559.576779604,454429429.8427105
1979-07-01,28.5899,16.954998,100.18481,215.80188,27271025.39044507,455639137.81567144
1979-08-01,15.442373,26.414999,81.34861,182.01624,19565711.562672257,450011365.9414619
1979-09-01,2.3031354,1.8000002,50.99168,165.12344,18934559.576779604,435494870.2659309
1979-10-01,31.935732,37.204998,37.775536,89.33406,22695173.49272333,450011365.9414619
1979-11-01,35.189987,26.560001,21.008081,29.524374,22248107.502716035,435494870.2659309
1979-12-01,12.89463,8.08,6.8393183,28.45906,15016157.664362714,450011365.9414619
1980-01-01,84.66243,93.57,6.3854256,34.394375,176643662.05170637,450011365.9414619
1980-02-01,73.78582,58.915,10.475659,41.699375,449432809.9543936,497400360.8822353
1980-03-01,67.40917,49.985,35.60607,57.98344,380163879.50267494,689691332.584197
1980-04-01,35.386463,21.25,77.66084,105.31374,41971607.061861455,472180579.4459414
1980-05-01,129.97636,89.08,103.41324,114.29282,34134803.237027675,469577077.5041342
1980-06-01,31.31085,35.21,124.14934,172.42847,67138792.49933101,454429429.8427105
1980-07-01,27.99851,17.2,106.12909,211.54062,45942604.97310273,469577077.5041342
1980-08-01,27.345078,16.04,89.34395,183.08157,39131423.125344515,469577077.5041342
1980-09-01,40.189137,23.085001,68.16381,135.90344,19092347.573252767,454429429.8427105
1980-10-01,46.337795,29.194998,43.67456,80.355,19565711.562672257,469577077.5041342
1980-11-01,45.317043,30.435003,21.34222,41.395004,10782179.758999497,440281106.1589502
1980-12-01,25.82665,19.03,13.493614,29.980936,0.0,450011365.9414619
1981-01-01,25.54311,28.744999,10.354963,26.17625,184085.99588535726,450011365.9414619
1981-02-01,24.335245,15.364998,16.972357,45.0475,27349919.38868165,406461878.91486883
1981-03-01,62.91808,50.055,40.173702,68.17999,21616955.51682338,450011365.9414619
1981-04-01,37.659805,24.5,80.428375,111.24907,18934559.576779604,435494870.2659309
1981-05-01,74.97799,82.675,98.94501,114.14061,20223161.547977105,450011365.9414619
1981-06-01,14.661905,19.515003,107.370804,184.75562,18934559.576779604,435494870.2659309
1981-07-01,8.494642,7.925,94.94876,215.64969,19565711.562672257,450011365.9414619
1981-08-01,6.411661,6.25,75.43847,201.49625,19565711.562672257,450011365.9414619
1981-09-01,15.396127,12.875,56.97816,153.86156,18934559.576779604,435494870.2659309
1981-10-01,121.02735,85.37,48.17282,67.723434,102772581.70285374,450011365.9414619
1981-11-01,30.342798,25.835001,26.560448,46.417187,65140144.54400428,435494870.2659309
1981-12-01,67.375496,61.345,14.311559,36.220627,39105125.12593232,450011365.9414619
1982-01-01,53.273815,43.16,6.8665547,24.654375,73108438.36589903,450011365.9414619
1982-02-01,40.577934,26.825,7.9095893,28.002502,277785767.7910041,406461878.91486883
1982-03-01,83.04175,74.375,27.824701,60.114063,386212419.36747956,477229795.3330826
1982-04-01,55.16545,32.159996,72.284706,87.50781,92831937.92504445,495217626.93102324
1982-05-01,48.859455,36.455,107.05403,127.989685,29401163.342832774,475993789.3607095
1982-06-01,19.197618,19.439999,99.283104,166.03659,18934559.576779604,454429429.8427105
1982-07-01,60.94045,47.829998,104.50303,194.49564,20880611.533281952,455428753.8203739
1982-08-01,16.350233,16.0,90.21403,193.5825,19565711.562672257,450011365.9414619
1982-09-01,138.38261,106.67999,73.55782,120.53249,52674892.82262437,435494870.2659309
1982-10-01,64.7566,44.460003,47.488327,59.809685,382346613.45388705,587865478.8601823
1982-11-01,51.248703,37.789997,23.825829,34.394375,90096945.98617628,502449576.7693765
1982-12-01,65.30138,41.695004,11.095169,19.327814,622315858.0901563,637384611.7533435
1983-01-01,50.129932,30.175,4.4377985,29.82875,494902050.9380769,911251977.6319306
1983-02-01,62.312885,44.925,10.173685,36.829372,426106484.4757777,671545712.9897833
1983-03-01,87.424866,67.939995,30.217773,59.961876,243650964.55397642,656371767.3289474
1983-04-01,78.723656,51.685005,65.71154,74.11531,93647175.90682246,518543952.40963924
1983-05-01,60.64246,63.935005,102.41003,115.20595,41498243.072441965,484961407.1602676
1983-06-01,35.710094,29.275,109.20406,167.10187,18934559.576779604,454429429.8427105
1983-07-01,30.585855,34.370003,104.24147,197.84375,19565711.562672257,454797601.83448124
1983-08-01,70.11922,79.53999,97.36645,182.32063,34897445.2199813,450011365.9414619
1983-09-01,72.953354,45.49,77.4234,141.83876,51649270.84554881,435494870.2659309
1983-10-01,66.97845,42.765003,48.439236,82.48563,170305844.19336766,450011365.9414619
1983-11-01,98.880135,76.15,28.655096,34.546562,52990468.8155707,435494870.2659309
1983-12-01,136.13568,102.015,10.580688,26.632812,474573697.39245105,450011365.9414619
1984-01-01,26.127962,14.535001,2.881707,2.435,251461470.37939802,450011365.9414619
1984-02-01,37.63223,31.919998,5.1596937,11.718439,285780359.61231107,420978374.59039986
1984-03-01,39.130726,27.9,14.132501,42.612503,697370348.4125577,871568296.5189301
1984-04-01,74.00696,58.675007,58.27246,82.942184,96697743.83863695,527774550.20331925
1984-05-01,32.491673,26.435003,100.19122,141.83875,26929151.398086548,475020763.3824583
1984-06-01,59.802902,56.385,114.59655,162.68843,18934559.576779604,454429429.8427105
1984-07-01,41.985565,47.04,104.726456,207.58377,19565711.562672257,469577077.5041342
1984-08-01,24.630703,33.215,90.29304,185.66875,19565711.562672257,464922331.6081759
1984-09-01,40.677948,38.375,64.70904,135.29468,18934559.576779604,435494870.2659309
1984-10-01,64.71875,53.704998,43.4518,60.418446,19565711.562672257,450011365.9414619
1984-11-01,59.316803,40.42,23.557283,39.26438,18934559.576779604,435494870.2659309
1984-12-01,41.597725,25.265003,8.79821,21.762814,19565711.562672257,450011365.9414619
1985-01-01,21.32108,18.91,3.7043703,15.370936,33661439.247608185,450011365.9414619
1985-02-01,38.907726,28.980001,6.243656,20.24094,48283126.92078799,406461878.91486883
1985-03-01,52.739407,38.585,16.458132,49.46094,166440038.27977514,450011365.9414619
1985-04-01,18.63129,13.085001,67.57535,116.42344,49939900.883756205,435494870.2659309
1985-05-01,54.75251,49.05,112.97812,148.38283,31110533.304625377,450011365.9414619
1985-06-01,22.991634,21.36,106.33574,193.88687,18934559.576779604,435494870.2659309
1985-07-01,27.836473,29.85,96.98317,221.73718,19565711.562672257,450011365.9414619
1985-08-01,1.5081003,1.0550001,74.17071,186.58188,19565711.562672257,450011365.9414619
1985-09-01,59.504227,44.665,78.04154,117.33657,18934559.576779604,435494870.2659309
1985-10-01,36.92661,30.73,41.178383,79.74626,26297.999412193894,450011365.9414619
1985-11-01,105.19912,67.135,21.297827,36.220627,0.0,435494870.2659309
1985-12-01,29.177948,28.895,6.518129,14.001249,64508992.55811162,450011365.9414619
1986-01-01,36.263477,28.39,3.6133852,22.523748,156762374.4960878,450011365.9414619
1986-02-01,98.87484,78.104996,8.324747,50.98281,938970069.012383,712965062.0639887
1986-03-01,59.554607,51.475,39.733295,80.81157,408618314.8666687,822969593.6051958
1986-04-01,107.75045,94.51,82.387245,93.44312,94041645.89800537,525144750.26209986
1986-05-01,53.195683,42.250004,109.08463,131.48999,70978300.41351132,503527794.7452765
1986-06-01,8.172784,9.76,107.614204,199.5178,37869119.15355921,471838705.4535829
1986-07-01,26.031733,27.625,98.18594,199.5178,24194159.459218383,469577077.5041342
1986-08-01,32.736893,29.009998,87.21419,198.30032,19565711.562672257,469577077.5041342
1986-09-01,90.30841,61.155,74.568535,109.11843,30531977.31755711,454429429.8427105
1986-10-01,34.250538,21.814999,44.66466,74.2675,31215725.302274153,469577077.5041342
1986-11-01,26.262745,20.765,25.607286,43.373436,16646633.627918735,444567680.06313777
1986-12-01,9.08154,3.4600003,10.883029,28.763437,0.0,450011365.9414619
1987-01-01,48.333134,37.360004,4.7976394,18.2625,0.0,450011365.9414619
1987-02-01,34.026573,28.864996,10.848006,42.308125,10650689.761938527,406461878.91486883
1987-03-01,31.931648,37.560005,35.777664,62.244698,19565711.562672257,450011365.9414619
1987-04-01,15.789885,8.76,75.32445,128.44626,8625743.807199597,435494870.2659309
1987-05-01,109.7996,77.51,106.54532,142.90408,25666847.42630124,450011365.9414619
1987-06-01,13.605783,12.3550005,111.29042,194.0391,41340455.0759688,435494870.2659309
1987-07-01,37.66156,36.050003,101.58819,195.86531,39131423.125344515,450011365.9414619
1987-08-01,34.14993,23.135,90.41432,187.03845,19907585.555030778,450011365.9414619
1987-09-01,7.060376,2.8950002,55.3967,154.31813,18934559.576779604,435494870.2659309
1987-10-01,32.51139,28.885,34.062584,102.11781,19565711.562672257,450011365.9414619
1987-11-01,56.88913,41.555,25.856943,37.13375,47310100.942536816,435494870.2659309
1987-12-01,39.131195,28.615002,14.371315,22.675938,64798270.551645756,450011365.9414619
1988-01-01,44.010143,27.02,3.8106403,17.045002,55725460.75443886,450011365.9414619
1988-02-01,11.470703,4.885,9.585446,36.98156,83022784.14429612,420978374.59039986
1988-03-01,31.37912,25.069998,27.705183,62.549065,45627028.98015641,450011365.9414619
1988-04-01,50.83542,40.185,70.22304,112.923134,18934559.576779604,435494870.2659309
1988-05-01,56.931297,39.155,103.59298,141.68657,19565711.562672257,450011365.9414619
1988-06-01,3.9300935,7.35,109.66776,206.82283,2235329.950036481,435494870.2659309
1988-07-01,3.4896626,3.4649997,86.3432,232.23811,0.0,450011365.9414619
1988-08-01,13.4626665,11.525,75.57131,203.01814,0.0,450011365.9414619
1988-09-01,12.372925,8.490001,55.74365,140.31688,0.0,435494870.2659309
1988-10-01,2.0370913,3.2649999,26.678408,106.37907,0.0,450011365.9414619
1988-11-01,91.938675,62.940002,27.863346,36.525,0.0,435494870.2659309
1988-12-01,45.830975,26.990002,11.671367,15.066561,17645957.605582103,450011365.9414619
1989-01-01,23.002035,18.69,3.8418217,7.3049994,19565711.562672257,450011365.9414619
1989-02-01,40.1173,31.75,7.0166154,25.263126,19276433.569138125,406461878.91486883
1989-03-01,57.890354,48.810005,26.137852,73.810936,193763659.6690446,450011365.9414619
1989-04-01,27.000193,19.405,78.48812,117.03219,32714711.268769205,435494870.2659309
1989-05-01,43.208515,28.245,102.471,136.96875,19565711.562672257,450011365.9414619
1989-06-01,11.894471,15.764999,96.045,177.9072,18934559.576779604,435494870.2659309
1989-07-01,5.1329627,10.575,86.79685,226.91158,19565711.562672257,450011365.9414619
1989-08-01,22.720932,19.609999,82.08669,182.32065,19565711.562672257,450011365.9414619
1989-09-01,32.218067,17.455002,61.04285,148.83939,16594037.629094347,435494870.2659309
1989-10-01,36.948826,29.515,43.551285,83.55094,0.0,450011365.9414619
1989-11-01,25.081642,21.655,21.030567,41.395,0.0,435494870.2659309
1989-12-01,9.014086,5.0600004,11.931682,26.024063,0.0,450011365.9414619
1990-01-01,37.717518,32.239998,8.981782,30.437496,0.0,450011365.9414619
1990-02-01,27.086338,19.05,12.879412,35.459694,0.0,406461878.91486883
1990-03-01,43.29635,33.285,38.40412,77.61563,0.0,450011365.9414619
1990-04-01,61.80668,42.66,83.883095,115.96687,0.0,435494870.2659309
1990-05-01,43.45119,33.3,91.81406,129.05502,0.0,450011365.9414619
1990-06-01,38.62346,26.865,114.46775,189.16907,0.0,435494870.2659309
1990-07-01,6.607258,10.289999,87.04807,220.67188,0.0,450011365.9414619
1990-08-01,12.353531,14.409999,73.56143,190.23439,0.0,450011365.9414619
1990-09-01,9.629245,19.990002,52.678955,165.58,0.0,435494870.2659309
1990-10-01,20.48405,19.155,35.339355,87.66,0.0,450011365.9414619
1990-11-01,53.23866,33.624996,25.105207,43.829998,0.0,435494870.2659309
1990-12-01,36.7224,25.459997,11.636206,11.870626,0.0,450011365.9414619
1991-01-01,24.336143,23.46,3.6552558,17.349377,0.0,450011365.9414619
1991-02-01,19.83514,16.265003,10.3489065,41.395,1788263.9600291848,406461878.91486883
1991-03-01,49.163692,37.58,27.992418,65.89719,19565711.562672257,450011365.9414619
1991-04-01,69.44647,50.429996,63.821365,86.44249,18934559.576779604,435494870.2659309
1991-05-01,78.1452,71.055,97.30169,113.379684,16015481.642026082,450011365.9414619
1991-06-01,29.027658,28.240002,110.347374,173.18936,0.0,435494870.2659309
1991-07-01,10.680474,7.575,93.239456,218.38907,0.0,450011365.9414619
1991-08-01,14.89185,24.035,78.29744,200.12657,0.0,450011365.9414619
1991-09-01,54.44268,41.439995,70.111206,138.94717,0.0,435494870.2659309
1991-10-01,46.310627,42.920002,45.03126,91.92125,0.0,450011365.9414619
1991-11-01,54.317493,48.385002,20.837824,33.176872,19355327.567374706,435494870.2659309
1991-12-01,25.615248,10.805001,9.415639,13.240313,19565711.562672257,450011365.9414619
1992-01-01,18.552256,16.875,4.622943,18.110312,21038399.529755116,450011365.9414619
1992-02-01,41.46418,32.530003,12.4826,48.395626,70268254.42938209,420978374.59039986
1992-03-01,32.05962,20.705,41.75651,83.24657,62668132.59925805,450011365.9414619
1992-04-01,16.536497,15.38,81.053604,126.62001,18934559.576779604,435494870.2659309
1992-05-01,26.217632,23.420002,90.30168,168.015,19565711.562672257,450011365.9414619
1992-06-01,28.530048,22.794998,92.508224,183.99467,17172593.616162613,435494870.2659309
1992-07-01,34.07835,21.185001,96.61527,197.99593,0.0,450011365.9414619
1992-08-01,12.564141,5.9799995,73.71702,203.32251,0.0,450011365.9414619
1992-09-01,14.232112,11.665001,53.87504,150.51343,0.0,435494870.2659309
1992-10-01,49.218266,44.13,31.152018,92.53001,0.0,450011365.9414619
1992-11-01,51.54256,37.265003,24.988043,20.545315,25377569.432767108,435494870.2659309
1992-12-01,54.72077,42.750004,8.288256,19.936563,19565711.562672257,450011365.9414619
1993-01-01,69.587296,62.590008,2.5909352,19.63219,38368781.14239089,450011365.9414619
1993-02-01,54.969917,39.235,4.5554605,26.937185,50781436.86494641,406461878.91486883
1993-03-01,45.870003,43.715004,16.49192,59.048748,709467428.1421669,584025970.946002
1993-04-01,49.34419,38.355,75.75682,85.37718,109715253.54767293,539661245.9376309
1993-05-01,58.32105,62.75,109.57591,143.66501,38026907.15003237,471970195.45064384
1993-06-01,55.95124,46.46,112.529434,154.6225,34371485.23173742,454429429.8427105
1993-07-01,34.839336,39.690002,99.01957,180.18999,24851609.44452323,469577077.5041342
1993-08-01,14.497281,23.455,86.34208,172.42844,19565711.562672257,469577077.5041342
1993-09-01,20.029861,12.325001,57.928715,140.77345,18934559.576779604,454429429.8427105
1993-10-01,53.879883,50.7,42.005463,74.11532,31031639.306388795,469577077.5041342
1993-11-01,16.945375,13.970001,21.141525,32.568127,22379597.499777004,448223101.98143274
1993-12-01,17.986547,15.219999,9.861632,22.828125,315575.99294632673,450011365.9414619
1994-01-01,18.133442,18.59,7.1491594,35.15531,0.0,450011365.9414619
1994-02-01,47.397766,46.114998,10.371899,43.221245,683747.9847170413,406461878.91486883
1994-03-01,29.62355,35.465,31.926733,83.39875,19565711.562672257,450011365.9414619
1994-04-01,65.49879,46.504997,76.990616,108.3575,18934559.576779604,435494870.2659309
1994-05-01,40.7023,28.615002,105.43227,157.20969,19565711.562672257,450011365.9414619
1994-06-01,4.432896,3.7549999,96.60651,203.93124,18934559.576779604,435494870.2659309
1994-07-01,3.5848236,3.6899998,84.62076,226.1506,19565711.562672257,450011365.9414619
1994-08-01,5.1001315,17.12,74.151924,211.845,19565711.562672257,450011365.9414619
1994-09-01,48.19726,20.695004,53.180046,164.36249,2314223.9482730627,435494870.2659309
1994-10-01,65.48815,60.385002,50.555645,74.41969,33608843.2487838,450011365.9414619
1994-11-01,54.456367,53.605,22.851805,23.589062,27507707.385154814,435494870.2659309
1994-12-01,23.605509,23.650002,5.540052,26.024063,53516428.803814575,450011365.9414619
1995-01-01,51.475166,54.28,4.701079,28.763437,322360876.7946727,450011365.9414619
1995-02-01,37.735634,26.825,10.812256,56.46156,366173343.8153878,406461878.91486883
1995-03-01,68.38551,71.65499,43.144314,71.071556,243808752.5504496,450011365.9414619
1995-04-01,66.59917,39.764996,74.82843,93.8997,65613508.53342377,435494870.2659309
1995-05-01,109.10716,83.240005,99.55346,112.46657,39131423.125344515,450011365.9414619
1995-06-01,80.14263,53.48,125.58291,155.07907,55357288.76266815,435494870.2659309
1995-07-01,22.288921,19.66,112.609695,196.1697,48756490.91020748,450011365.9414619
1995-08-01,3.8817966,12.56,79.4856,198.75687,39131423.125344515,450011365.9414619
1995-09-01,11.73698,19.280003,57.965702,146.40437,23168537.48214282,435494870.2659309
1995-10-01,11.892102,9.710001,33.229294,82.333435,19565711.562672257,450011365.9414619
1995-11-01,26.751171,21.475002,21.103575,54.939686,18934559.576779604,435494870.2659309
1995-12-01,42.317013,39.934998,14.131908,37.7425,19565711.562672257,450011365.9414619
1996-01-01,67.92405,66.705,8.078674,34.69875,37500947.16178849,450011365.9414619
1996-02-01,48.600136,41.030003,5.5714464,34.09,119603301.32665783,420978374.59039986
1996-03-01,45.8119,48.420002,29.119514,74.41969,129859521.09741345,450011365.9414619
1996-04-01,35.230957,35.920002,78.86394,97.24782,24378245.45510374,435494870.2659309
1996-05-01,60.72482,56.784996,92.06526,129.20718,21117293.527991697,450011365.9414619
1996-06-01,7.3645487,5.9550004,113.19642,195.71313,18934559.576779604,435494870.2659309
1996-07-01,12.830335,19.210001,94.54939,220.21533,19565711.562672257,450011365.9414619
1996-08-01,4.6685653,1.7550001,74.22291,201.95282,19565711.562672257,450011365.9414619
1996-09-01,24.967579,21.260002,60.459053,134.07718,18934559.576779604,435494870.2659309
1996-10-01,37.091515,35.985004,37.74043,82.18125,11124053.751358017,450011365.9414619
1996-11-01,46.56447,50.09,20.746325,48.7,18934559.576779604,435494870.2659309
1996-12-01,92.37714,69.12,11.431636,33.48125,148215524.6871248,450011365.9414619
1997-01-01,82.347534,80.815,5.4612737,26.632812,583999672.9465898,563013869.4156591
1997-02-01,31.150242,25.27,9.533078,32.568123,635911923.7862606,697764818.4037406
1997-03-01,22.234043,15.545,28.770283,60.722816,154527044.54605132,599988856.5892037
1997-04-01,60.140636,45.425,69.29393,82.18125,37500947.16178849,463397047.6422686
1997-05-01,50.366066,42.21,107.50042,146.40439,19565711.562672257,469577077.5041342
1997-06-01,48.994663,46.394997,123.156845,172.42844,18934559.576779604,454429429.8427105
1997-07-01,20.565432,29.925,97.484375,193.58252,29322269.344596192,469577077.5041342
1997-08-01,25.549437,33.225,86.86087,188.40813,28585925.361054763,469577077.5041342
1997-09-01,62.573586,45.01,73.671036,136.66437,18934559.576779604,454429429.8427105
1997-10-01,31.35665,30.0,46.598255,74.419685,19565711.562672257,464396371.619932
1997-11-01,36.215523,22.660002,19.571167,37.59031,18724175.581482053,435494870.2659309
1997-12-01,22.233788,27.4,11.876424,15.675313,946727.9788389802,450011365.9414619
1998-01-01,68.41199,60.025005,5.340067,34.242184,95488035.86567603,450011365.9414619
1998-02-01,81.53685,60.169994,9.864587,33.63344,351025696.1539641,406461878.91486883
1998-03-01,53.074997,47.844997,21.131712,51.439373,427500278.44462395,450011365.9414619
1998-04-01,60.365986,35.704998,73.993515,83.855316,73108438.36589903,435494870.2659309
1998-05-01,75.01175,60.560005,113.64851,120.53249,58197472.69918509,450011365.9414619
1998-06-01,87.81234,80.8,119.35585,146.25217,73108438.36589903,435494870.2659309
1998-07-01,26.031649,21.215002,109.271965,211.99722,39131423.125344515,450011365.9414619
1998-08-01,7.7753086,19.855,83.54374,199.97438,19592009.56208445,450011365.9414619
1998-09-01,24.63316,30.154999,62.16067,137.88187,18934559.576779604,435494870.2659309
1998-10-01,42.26071,41.645,41.782265,69.24531,24667523.448637873,450011365.9414619
1998-11-01,27.35012,20.994999,24.478247,38.65563,4312871.903599799,435494870.2659309
1998-12-01,16.842548,20.250002,13.163148,17.805935,0.0,450011365.9414619
1999-01-01,48.80996,50.37,6.389131,31.350622,4155083.9071266353,450011365.9414619
1999-02-01,44.83701,39.239998,11.168453,38.960003,74686318.33063066,406461878.91486883
1999-03-01,24.402786,19.05,35.78374,72.441246,71635750.39881617,450011365.9414619
1999-04-01,99.9207,72.71,65.696754,80.05062,19434221.565611288,435494870.2659309
1999-05-01,50.18241,58.605,105.43112,124.185,19565711.562672257,450011365.9414619
1999-06-01,56.91703,34.505,118.922356,174.40686,44680301.00131743,435494870.2659309
1999-07-01,7.898602,15.155001,98.62162,215.64969,34108505.23761548,450011365.9414619
1999-08-01,12.035067,22.565,79.17447,184.45125,19776095.55796981,450011365.9414619
1999-09-01,14.350023,9.01,59.511135,139.55594,19171241.57148935,435494870.2659309
1999-10-01,3.002646,3.175,27.463308,94.20406,19565711.562672257,450011365.9414619
1999-11-01,14.238887,9.445,17.279713,54.178753,18934559.576779604,435494870.2659309
1999-12-01,18.848076,20.645,14.195407,23.89344,19565711.562672257,450011365.9414619
2000-01-01,51.01344,50.754997,7.2386622,34.546562,17146295.61675042,450011365.9414619
2000-02-01,63.117405,55.670002,14.379317,45.504063,70925704.41468693,420978374.59039986
2000-03-01,41.082684,25.885,43.29814,64.07094,156394202.5043171,450011365.9414619
2000-04-01,35.953625,22.52,83.56223,119.01062,27507707.385154814,435494870.2659309
2000-05-01,42.224907,34.895,100.55072,151.1222,19565711.562672257,450011365.9414619
2000-06-01,7.4323893,5.645,96.59156,197.08281,18934559.576779604,435494870.2659309
2000-07-01,4.940356,5.8849998,87.71907,226.455,19565711.562672257,450011365.9414619
2000-08-01,41.667427,33.555,77.730415,208.04031,24246755.45804277,450011365.9414619
2000-09-01,22.167313,26.319998,71.71338,141.3822,24430841.453928128,435494870.2659309
2000-10-01,63.878136,48.155,44.311413,76.55032,30558275.316969305,450011365.9414619
2000-11-01,23.488304,18.640003,20.213116,19.327814,47730868.93313192,435494870.2659309
2000-12-01,26.78627,21.045002,9.516328,24.35,41603435.07009074,450011365.9414619
2001-01-01,16.429949,15.089999,6.3918676,15.370936,46205584.96722467,450011365.9414619
2001-02-01,32.473625,31.265,10.236122,28.763437,71425366.40351862,406461878.91486883
2001-03-01,34.08747,29.855,28.96438,69.3975,70531234.42350402,450011365.9414619
2001-04-01,47.01994,45.614998,73.30572,97.24782,18934559.576779604,435494870.2659309
2001-05-01,5.915949,10.195,90.15725,168.77596,19565711.562672257,450011365.9414619
2001-06-01,12.941795,13.01,91.71481,197.53938,18934559.576779604,435494870.2659309
2001-07-01,19.217846,22.315,95.265175,218.84563,19565711.562672257,450011365.9414619
2001-08-01,6.399271,9.800001,69.16601,210.62749,19565711.562672257,450011365.9414619
2001-09-01,7.421281,5.75,51.957165,164.36249,15279137.658484653,435494870.2659309
2001-10-01,16.118366,18.205,32.301304,91.92125,236681.99470974505,450011365.9414619
2001-11-01,61.153244,57.35,23.06805,46.264996,23668199.470974505,435494870.2659309
2001-12-01,42.53639,43.170002,8.423371,19.936563,155815646.5172488,450011365.9414619
2002-01-01,24.819784,24.45,4.137037,20.24094,145822406.74061513,450011365.9414619
2002-02-01,11.688749,5.8450003,7.3903084,31.350622,270238241.95970446,406461878.91486883
2002-03-01,28.449623,32.81,19.932884,55.70063,240468906.62510097,450011365.9414619
2002-04-01,50.982533,45.47,56.875957,109.87937,59039008.68037529,435494870.2659309
2002-05-01,32.899128,20.880001,102.421646,142.5997,36817199.17707145,450011365.9414619
2002-06-01,7.80436,8.125001,93.4113,198.30032,18934559.576779604,435494870.2659309
2002-07-01,11.442764,11.655001,90.3565,231.93376,19565711.562672257,450011365.9414619
2002-08-01,2.9671013,2.5700002,69.51737,188.8647,19565711.562672257,450011365.9414619
2002-09-01,54.088203,37.235,68.735374,141.83876,19802393.557382002,435494870.2659309
2002-10-01,34.453033,30.939997,41.16683,70.615005,19565711.562672257,450011365.9414619
2002-11-01,31.812351,25.305002,17.583075,35.15531,18934559.576779604,435494870.2659309
2002-12-01,24.1822,17.205,12.6943655,26.328436,4602149.8971339315,450011365.9414619
2003-01-01,19.0117,15.530001,9.447738,39.87313,19565711.562672257,450011365.9414619
2003-02-01,41.251305,29.715002,19.855831,29.524374,13648661.694928631,406461878.91486883
2003-03-01,30.160744,29.34,41.912018,68.94094,10019537.776045874,450011365.9414619
2003-04-01,50.939682,31.390003,75.88346,91.3125,0.0,435494870.2659309
2003-05-01,42.473145,39.51,97.274376,140.16469,0.0,450011365.9414619
2003-06-01,18.591795,18.98,96.55076,189.01688,0.0,435494870.2659309
2003-07-01,2.7497811,6.625,83.31901,243.34785,0.0,450011365.9414619
2003-08-01,10.836834,21.98,74.07882,204.54001,0.0,450011365.9414619
2003-09-01,10.880343,12.214999,47.884445,146.86093,0.0,435494870.2659309
2003-10-01,13.739776,10.01,31.454584,100.13937,0.0,450011365.9414619
2003-11-01,40.386894,40.145004,19.409775,31.959375,0.0,435494870.2659309
2003-12-01,76.96266,64.235,12.579468,26.32844,0.0,450011365.9414619
2004-01-01,19.895037,17.97,3.8378043,15.370935,0.0,450011365.9414619
2004-02-01,64.22413,50.375,4.0035014,22.219378,37711331.157086045,420978374.59039986
2004-03-01,17.654287,14.454999,25.86835,84.15968,281835659.70048195,450011365.9414619
2004-04-01,46.107483,41.995003,83.581406,105.31374,30032315.328725427,435494870.2659309
2004-05-01,31.619404,32.85,96.23013,138.6428,19565711.562672257,450011365.9414619
2004-06-01,12.944721,26.865002,96.46975,185.51656,18934559.576779604,435494870.2659309
2004-07-01,12.339794,16.005001,88.67457,216.86719,19565711.562672257,450011365.9414619
2004-08-01,17.322813,21.57,73.00552,183.6903,19565711.562672257,450011365.9414619
2004-09-01,28.91635,17.65,60.155895,134.38156,21590657.517411187,435494870.2659309
2004-10-01,100.380104,89.104996,41.45591,75.485,125099583.20380636,450011365.9414619
2004-11-01,34.507862,28.0,22.902514,34.546562,354365542.07931274,435494870.2659309
2004-12-01,38.8022,28.355,8.560662,25.5675,369749871.73544616,450011365.9414619
2005-01-01,83.395096,64.29,3.613965,24.35,345950182.2674107,450011365.9414619
2005-02-01,43.535885,34.45,7.43216,37.285942,1506060128.3369322,1252389626.0069098
2005-03-01,57.19452,45.34,38.64214,66.04937,663892995.1608349,972841892.2552887
2005-04-01,85.78652,64.04,74.86716,98.160934,101273595.73635869,524066532.2861999
2005-05-01,80.27058,75.09999,112.029976,132.09875,185322001.8577304,508708500.6294787
2005-06-01,48.186752,45.885002,120.27774,165.73221,117815037.36662865,492298548.9962697
2005-07-01,3.8496082,3.6750004,99.09148,232.08597,52832680.819097534,498215598.8640133
2005-08-01,13.122247,14.045,83.50129,196.47406,39131423.125344515,489142789.06680644
2005-09-01,13.653353,13.7699995,55.894196,145.49126,31189427.30286196,455428753.8203739
2005-10-01,33.3208,29.355,36.502724,80.81157,19565711.562672257,469577077.5041342
2005-11-01,31.612185,26.525,27.811214,43.677814,18277109.591474757,447065990.0072962
2005-12-01,54.36986,46.35,8.970462,19.936563,13070105.707860366,450011365.9414619
2006-01-01,58.1799,59.640003,5.248018,30.589687,390551589.27049154,450011365.9414619
2006-02-01,28.878412,21.505001,8.390609,37.590317,354207754.08283955,406461878.91486883
2006-03-01,61.56798,59.76,21.802744,57.070312,225268662.9648529,450011365.9414619
2006-04-01,73.357155,47.14,75.36524,103.03093,199049557.55089557,435494870.2659309
2006-05-01,25.247143,20.615002,106.810616,152.79623,60879868.639228866,450011365.9414619
2006-06-01,15.318205,20.76,102.4029,199.9744,37869119.15355921,435494870.2659309
2006-07-01,7.0507216,11.39,93.56355,235.12968,20170565.549152717,450011365.9414619
2006-08-01,5.9337645,20.025,77.38198,197.38719,19565711.562672257,450011365.9414619
2006-09-01,50.96059,39.05,62.78778,136.51219,18934559.576779604,435494870.2659309
2006-10-01,54.302128,35.469997,47.277393,70.91938,19565711.562672257,450011365.9414619
2006-11-01,34.240517,31.340002,26.454954,44.43875,8362763.813077658,435494870.2659309
2006-12-01,27.797897,20.295002,12.171801,22.219378,0.0,450011365.9414619
2007-01-01,14.6969595,15.835001,5.2834067,15.827499,0.0,450011365.9414619
2007-02-01,44.8036,36.045006,13.820206,41.547188,5075513.886553422,406461878.91486883
2007-03-01,35.389538,30.469997,29.99625,80.65938,38263589.14474212,450011365.9414619
2007-04-01,35.20823,17.195,74.57547,103.4875,18934559.576779604,435494870.2659309
2007-05-01,25.586794,18.080002,97.71636,148.99155,17961533.59852843,450011365.9414619
2007-06-01,30.661217,20.230001,102.31571,197.69157,0.0,435494870.2659309
2007-07-01,10.100005,14.745,89.79207,236.3472,0.0,450011365.9414619
2007-08-01,11.895519,12.09,78.65664,206.82283,0.0,450011365.9414619
2007-09-01,42.07366,28.444998,65.02498,143.66501,0.0,435494870.2659309
2007-10-01,33.49551,37.68,42.938965,76.398125,0.0,450011365.9414619
2007-11-01,9.757214,8.205,21.3253,47.178123,0.0,435494870.2659309
2007-12-01,56.731384,51.980003,10.519231,17.349377,0.0,450011365.9414619
2008-01-01,50.26828,45.340004,5.213123,18.871252,12491549.7207921,450011365.9414619
2008-02-01,47.399723,40.940002,5.834947,32.415936,123626895.2367235,420978374.59039986
2008-03-01,24.470434,22.045,22.571165,57.526875,215459509.18410456,450011365.9414619
2008-04-01,21.149105,11.35,59.991608,94.81281,28059965.372810885,435494870.2659309
2008-05-01,35.58729,44.655,89.86324,127.68532,19565711.562672257,450011365.9414619
2008-06-01,15.327347,19.449999,98.75377,184.29907,18934559.576779604,435494870.2659309
2008-07-01,2.141928,4.8650002,90.1445,227.21594,19565711.562672257,450011365.9414619
2008-08-01,5.159961,14.610001,72.266014,202.2572,19565711.562672257,450011365.9414619
2008-09-01,19.475283,17.32,57.228176,145.64343,4102487.9083022475,435494870.2659309
2008-10-01,37.294136,22.97,42.853554,82.181244,0.0,450011365.9414619
2008-11-01,46.148197,29.554998,23.594189,46.721565,0.0,435494870.2659309
2008-12-01,48.208477,32.29,15.035275,23.436874,0.0,450011365.9414619
2009-01-01,45.597446,43.670006,3.6197073,25.567501,19434221.565611288,450011365.9414619
2009-02-01,40.31702,28.055002,7.520686,39.416565,85442200.09021796,406461878.91486883
2009-03-01,37.746082,32.945,28.328457,63.918755,344635282.296801,450011365.9414619
2009-04-01,71.353134,54.310005,68.21254,92.986565,54463156.782653555,435494870.2659309
2009-05-01,28.247494,29.950003,100.19466,153.25282,42208289.0565712,450011365.9414619
2009-06-01,82.37636,72.53,117.1085,167.71063,19013453.575016186,435494870.2659309
2009-07-01,5.662722,5.45,98.41829,215.64969,19565711.562672257,450011365.9414619
2009-08-01,12.57493,14.675,76.44894,185.36438,19565711.562672257,450011365.9414619
2009-09-01,17.500576,18.145,57.39185,160.25343,18934559.576779604,435494870.2659309
2009-10-01,43.093323,30.934998,47.830597,62.092506,9440981.788977608,450011365.9414619
2009-11-01,7.131421,6.8050003,18.187698,47.482502,0.0,435494870.2659309
2009-12-01,34.41031,27.035,8.028435,12.175001,0.0,450011365.9414619
2010-01-01,31.103355,20.780003,3.8845997,19.936563,0.0,450011365.9414619
2010-02-01,18.432062,12.26,7.531342,28.306875,108558141.5735364,406461878.91486883
2010-03-01,36.701942,25.325,24.41487,64.22313,176722556.04994297,450011365.9414619
2010-04-01,64.677795,41.705,73.36938,91.3125,31426109.297571704,435494870.2659309
2010-05-01,67.14341,58.305,98.52107,108.814064,19565711.562672257,450011365.9414619
2010-06-01,30.028648,34.075,105.619995,172.88501,10361411.768404394,435494870.2659309
2010-07-01,3.5026712,7.4850006,93.628624,217.9325,0.0,450011365.9414619
2010-08-01,14.113349,26.365002,83.96833,190.0822,0.0,450011365.9414619
2010-09-01,8.708203,5.9700003,51.88067,153.70938,0.0,435494870.2659309
2010-10-01,50.22603,47.769997,42.503906,85.681564,7442333.833650872,450011365.9414619
2010-11-01,68.70911,45.945,28.827435,35.45969,18934559.576779604,435494870.2659309
2010-12-01,88.07025,87.615,5.049445,31.35062,93121215.91857858,450011365.9414619
2011-01-01,22.810432,24.795002,3.7910702,20.545315,449906173.94381315,483909487.18377984
2011-02-01,37.665833,55.380005,11.64678,31.807186,530772522.1363094,653873457.384789
2011-03-01,50.404537,43.535004,24.7095,64.22313,814212359.8009351,1002085267.6016483
2011-04-01,87.81402,69.1,65.10303,85.52937,287174153.5811573,671282732.9956614
2011-05-01,125.10766,100.30501,96.01192,107.444374,95435439.86685164,533507514.07517755
2011-06-01,26.582745,26.255001,123.39464,166.03658,50649946.86788544,482384203.2178726
2011-07-01,5.8977513,19.225,100.67604,214.73657,39131423.125344515,483593911.1908335
2011-08-01,12.661014,8.724999,86.4032,208.1925,21590657.517411187,469577077.5041342
2011-09-01,11.661858,13.930002,56.692802,162.84062,18934559.576779604,454429429.8427105
2011-10-01,44.59867,41.545002,49.127323,80.81157,19565711.562672257,469577077.5041342
2011-11-01,29.825708,36.035004,23.197006,41.851562,18934559.576779604,437467220.22184545
2011-12-01,6.9839277,13.955,10.756405,21.306252,19565711.562672257,450011365.9414619
2012-01-01,40.175404,45.895004,5.508097,37.285942,54620944.77912672,450011365.9414619
2012-02-01,22.859201,37.300003,13.761784,37.89469,145296446.75237125,420978374.59039986
2012-03-01,24.675179,20.735,30.18889,81.42032,66165766.52107984,450011365.9414619
2012-04-01,35.565758,40.235,74.76239,113.68407,22064021.506830677,435494870.2659309
2012-05-01,28.757254,16.355,92.342155,152.79623,19565711.562672257,450011365.9414619
2012-06-01,1.3830352,2.445,91.301895,197.38719,18934559.576779604,435494870.2659309
2012-07-01,11.384086,18.679998,86.51163,225.3897,19565711.562672257,450011365.9414619
2012-08-01,3.6267545,20.970003,71.22353,211.6928,14043131.68611154,450011365.9414619
2012-09-01,11.006776,15.290001,51.63065,162.23187,0.0,435494870.2659309
2012-10-01,32.526024,31.525,35.85971,82.78999,0.0,450011365.9414619
2012-11-01,19.596312,34.085,21.398611,48.395622,14122025.684348121,435494870.2659309
2012-12-01,57.301514,44.705,16.439013,25.415314,31005341.3069766,450011365.9414619
2013-01-01,36.25506,44.555,3.7116032,7.152813,39131423.125344515,450011365.9414619
2013-02-01,24.947584,28.960003,6.0877075,27.39375,26140211.41572073,406461878.91486883
2013-03-01,20.883404,13.9,24.685677,72.289055,194526301.65199822,450011365.9414619
2013-04-01,47.299572,41.335,65.42576,94.05187,42813143.04305166,435494870.2659309
2013-05-01,37.31204,27.66,99.89503,140.31686,21879935.51094532,450011365.9414619
2013-06-01,2.582679,2.8349998,93.87209,198.75688,18934559.576779604,435494870.2659309
2013-07-01,7.416262,19.819998,88.32839,232.23813,19565711.562672257,450011365.9414619
2013-08-01,6.157344,10.8550005,70.87592,200.12657,19565711.562672257,450011365.9414619
2013-09-01,40.041492,45.315,68.934074,131.33781,18934559.576779604,435494870.2659309
2013-10-01,36.794987,31.594997,40.044106,68.18,19565711.562672257,450011365.9414619
2013-11-01,19.326548,25.2,21.355299,45.50406,8783531.80367276,435494870.2659309
2013-12-01,40.417114,42.015003,8.949246,12.783751,0.0,450011365.9414619
2014-01-01,29.897646,38.320004,4.461357,29.67656,20223161.547977105,450011365.9414619
2014-02-01,51.1536,39.99,9.926789,46.72156,154763726.54076105,406461878.91486883
2014-03-01,43.793705,26.215,32.6826,72.89781,266004264.05434126,450011365.9414619
2014-04-01,42.30104,34.315,75.63866,104.8572,33556247.24995941,435494870.2659309
2014-05-01,34.113205,28.064999,98.53033,143.20845,19565711.562672257,450011365.9414619
2014-06-01,15.8893175,24.785002,95.262245,183.23375,18934559.576779604,435494870.2659309
2014-07-01,16.933607,13.410001,88.42288,226.1506,19565711.562672257,450011365.9414619
2014-08-01,36.095093,49.510002,86.21546,175.16782,19565711.562672257,450011365.9414619
2014-09-01,46.001137,44.065,60.14962,148.53499,20328353.54562588,435494870.2659309
2014-10-01,4.7811136,5.02,43.131523,92.98656,29032991.35106206,450011365.9414619
2014-11-01,27.3549,22.745,22.674421,39.41657,18934559.576779604,435494870.2659309
2014-12-01,41.734455,50.69,13.808768,29.828747,23536709.473913535,450011365.9414619
2015-01-01,20.258356,22.02,5.0487175,30.437496,68164414.47640657,450011365.9414619
2015-02-01,14.792182,22.175,22.670565,52.3525,62299960.607487336,406461878.91486883
2015-03-01,19.285667,15.44,41.824596,86.13812,21801041.51270874,450011365.9414619
2015-04-01,38.895958,43.725002,72.85444,105.31376,18934559.576779604,435494870.2659309
2015-05-01,116.58014,81.735,99.61689,124.33718,48782788.909619674,450011365.9414619
2015-06-01,9.43529,20.715,109.64212,208.64908,98380815.80101736,435494870.2659309
2015-07-01,17.93135,27.855001,92.16028,206.06186,50965522.86083177,450011365.9414619
2015-08-01,12.86306,20.600002,74.098625,199.36563,39131423.125344515,450011365.9414619
2015-09-01,25.877125,24.975,58.881092,159.18814,36343835.18765196,435494870.2659309
2015-10-01,30.24439,33.954998,43.101013,92.83437,27323621.389269456,450011365.9414619
2015-11-01,28.664871,33.525,25.448854,35.459694,12254867.726082355,435494870.2659309
2015-12-01,49.036186,52.784996,11.152367,19.48,3708017.917119339,450011365.9414619
2016-01-01,54.945442,62.66501,2.256915,19.936563,37448351.162964106,450011365.9414619
2016-02-01,20.848778,20.195002,7.7161393,40.78625,185374597.85655475,420978374.59039986
2016-03-01,57.504314,48.325005,33.71222,73.81093,210988849.28403163,450011365.9414619
2016-04-01,69.407745,47.91,85.00838,101.35687,44706599.00072962,435494870.2659309
2016-05-01,51.4889,37.639996,109.62538,129.66376,26666171.40396461,450011365.9414619
2016-06-01,15.488959,22.300001,106.7277,208.3447,18934559.576779604,435494870.2659309
2016-07-01,2.3806095,3.7399998,88.18854,221.88937,19565711.562672257,450011365.9414619
2016-08-01,3.6761181,7.9800005,70.37488,198.90906,17908937.599704042,450011365.9414619
2016-09-01,75.05631,32.280003,65.54049,136.81656,5548877.875972912,435494870.2659309
2016-10-01,51.902073,21.195,51.470055,84.0075,25035695.440408587,450011365.9414619
2016-11-01,28.718658,43.859997,29.252008,50.37406,18934559.576779604,435494870.2659309
2016-12-01,74.279495,51.594994,11.594363,21.915,49413940.89551233,450011365.9414619
2017-01-01,84.32513,68.735,3.3436964,20.393126,194421109.65434945,450011365.9414619
2017-02-01,80.03564,53.575,8.50148,44.590935,1355004419.7132905,1425088588.1467872
2017-03-01,54.429638,65.81,32.92564,80.354996,729900973.6854415,1175257593.730945
2017-04-01,80.817215,55.2,82.85765,90.70375,61642510.62218249,490510285.0362405
2017-05-01,26.347631,18.125004,107.501175,135.2947,25167185.437469557,473416585.41831446
2017-06-01,13.754109,11.164999,106.76391,196.62627,18934559.576779604,453614191.86093247
2017-07-01,12.816623,14.525002,94.63222,237.56467,19565711.562672257,450011365.9414619
2017-08-01,7.247943,5.545,72.81822,205.9097,19565711.562672257,450011365.9414619
2017-09-01,58.006966,39.475,66.95979,137.42531,18934559.576779604,435494870.2659309
2017-10-01,8.416912,9.345001,42.35638,78.37657,788939.9823658168,450011365.9414619
2017-11-01,42.468403,27.495,20.909594,54.635315,2051243.9541511238,435494870.2659309
2017-12-01,15.332474,25.239998,14.308038,28.763437,0.0,450011365.9414619
2018-01-01,26.441147,37.075,7.993564,35.15531,7889399.823658168,450011365.9414619
2018-02-01,24.550621,28.169998,20.56869,39.11219,13753853.692577407,406461878.91486883
2018-03-01,59.47889,50.265003,34.701332,66.04938,2840183.9365169406,450011365.9414619
2018-04-01,39.982002,31.614996,80.58155,108.50968,13043807.708448172,435494870.2659309
2018-05-01,45.11662,38.12,99.51085,143.51282,0.0,450011365.9414619
2018-06-01,4.8327413,7.2650003,98.93178,189.93001,0.0,435494870.2659309
2018-07-01,6.82569,12.615,85.23695,231.17282,0.0,450011365.9414619
2018-08-01,11.237342,11.61,77.85658,199.67,0.0,450011365.9414619
2018-09-01,0.4251705,1.125,49.59346,158.27501,0.0,435494870.2659309
2018-10-01,51.40884,53.515003,47.253567,72.89781,0.0,450011365.9414619
2018-11-01,37.44616,28.345001,20.190649,34.850937,0.0,435494870.2659309
2018-12-01,37.639812,32.39,9.798315,23.589064,2235329.950036481,450011365.9414619
2019-01-01,49.348244,49.61,3.3808787,25.110939,19565711.562672257,450011365.9414619
2019-02-01,64.74771,49.114998,10.068029,35.003128,252723774.35118333,406461878.91486883
2019-03-01,57.877113,72.020004,23.029507,60.722816,314708158.96572435,450011365.9414619
2019-04-01,90.89553,74.744995,77.04515,98.921875,133488645.01629621,435494870.2659309
2019-05-01,91.99776,86.18,102.57777,113.83624,64403800.56046285,450011365.9414619
2019-06-01,9.754564,7.815,120.11943,176.99405,41103773.08125906,435494870.2659309
2019-07-01,8.484155,9.960001,97.91641,217.78032,20223161.547977105,450011365.9414619
2019-08-01,6.4501305,11.110001,76.57715,201.80063,19565711.562672257,450011365.9414619
2019-09-01,73.18029,29.975,71.11596,135.2947,20749121.536220983,435494870.2659309
2019-10-01,13.715703,10.804999,47.55903,66.04937,39368105.12005426,450011365.9414619
2019-11-01,35.510796,46.810005,15.1845875,43.83,18934559.576779604,435494870.2659309
2019-12-01,42.359077,32.39,9.3359585,24.806562,19565711.562672257,450011365.9414619
2020-01-01,44.417686,41.535004,4.4902587,31.807186,19565711.562672257,450011365.9414619
2020-02-01,29.223747,32.760002,10.489578,36.525,239469582.6474376,420978374.59039986
2020-03-01,34.017876,40.56,34.762478,71.68031,114422595.44245563,450011365.9414619
2020-04-01,20.696585,24.125,76.28803,106.53125,22064021.506830677,435494870.2659309
2020-05-01,18.742428,13.4,93.79298,149.44812,19565711.562672257,450011365.9414619
2020-06-01,50.044975,46.425,109.66428,180.03781,18934559.576779604,435494870.2659309
2020-07-01,3.869708,5.745,92.90029,223.10689,473363.9894194901,450011365.9414619
2020-08-01,3.2060828,3.4000003,74.735085,214.4322,0.0,450011365.9414619
2020-09-01,5.659198,7.6799994,49.290947,159.94907,0.0,435494870.2659309
2020-10-01,5.6633625,8.92,31.22054,91.16032,0.0,450011365.9414619
2020-11-01,22.82515,21.650002,18.745745,45.50406,0.0,435494870.2659309
2020-12-01,17.787895,16.585001,9.254182,22.980314,0.0,450011365.9414619
2021-01-01,28.093376,23.494999,6.611468,30.589685,,
2021-02-01,51.372467,37.465,12.111669,38.655632,,
2021-03-01,23.33938,45.135002,31.847837,67.723434,,
2021-04-01,34.89842,34.82,68.30844,108.96625,,
2021-05-01,22.744537,19.640001,92.47475,145.33907,,
2021-06-01,3.9792013,8.705,91.12409,218.54123,,
2021-07-01,12.519455,22.939999,86.234215,236.19499,,
2021-08-01,34.097897,37.5,85.333855,191.1475,,
2021-09-01,4.808946,9.120001,54.333397,160.10124,,
2021-10-01,72.97749,72.485,39.99732,78.22437,,
2021-11-01,20.751694,9.575,22.916214,53.87438,,
2021-12-01,59.495636,63.454998,17.149536,32.415936,,
2022-01-01,18.386478,20.42,5.6253486,27.850311,,
2022-02-01,9.338785,15.855001,12.07893,33.48125,,
2022-03-01,28.190714,34.354996,25.864489,69.854065,,
2022-04-01,30.465302,21.2,64.67804,99.22625,,
2022-05-01,49.064682,37.895004,88.35354,128.29408,,
2022-06-01,15.412939,14.094999,102.722336,187.49501,,
2022-07-01,4.997025,5.325,87.5484,229.34659,,
2022-08-01,50.13486,31.155005,92.850044,207.1272,,
2022-09-01,22.73345,27.39,29.763474,162.84062,,
2022-10-01,8.756927,20.165,16.357346,88.420944,,
2022-11-01,26.042156,55.47,9.688634,32.111565,,
2022-12-01,32.97645,71.925,2.835357,24.045624,,
