,Date,Inflow,Outflow,units,name
0,1979-02-01 12:00:00,0.1299999970942735,0.2299999948590994,m3/s,NWM
1,1979-02-02 12:00:00,0.1199999973177909,0.2299999948590994,m3/s,NWM
2,1979-02-03 12:00:00,0.1199999973177909,0.2299999948590994,m3/s,NWM
3,1979-02-04 12:00:00,0.1199999973177909,0.2299999948590994,m3/s,NWM
4,1979-02-05 12:00:00,0.1099999975413084,0.2299999948590994,m3/s,NWM
5,1979-02-06 12:00:00,0.1099999975413084,0.2299999948590994,m3/s,NWM
6,1979-02-07 12:00:00,0.1099999975413084,0.2299999948590994,m3/s,NWM
7,1979-02-08 12:00:00,0.0999999977648258,0.2299999948590994,m3/s,NWM
8,1979-02-09 12:00:00,0.0999999977648258,0.2299999948590994,m3/s,NWM
9,1979-02-10 12:00:00,0.0999999977648258,0.2299999948590994,m3/s,NWM
10,1979-02-11 12:00:00,0.0899999979883432,0.2299999948590994,m3/s,NWM
11,1979-02-12 12:00:00,0.0899999979883432,0.2299999948590994,m3/s,NWM
12,1979-02-13 12:00:00,0.0899999979883432,0.2299999948590994,m3/s,NWM
13,1979-02-14 12:00:00,0.0999999977648258,0.2299999948590994,m3/s,NWM
14,1979-02-15 12:00:00,0.1099999975413084,0.2299999948590994,m3/s,NWM
15,1979-02-16 12:00:00,0.1399999968707561,0.2299999948590994,m3/s,NWM
16,1979-02-17 12:00:00,0.1799999959766864,0.2299999948590994,m3/s,NWM
17,1979-02-18 12:00:00,0.2199999950826168,0.2299999948590994,m3/s,NWM
18,1979-02-19 12:00:00,0.2399999946355819,0.2299999948590994,m3/s,NWM
19,1979-02-20 12:00:00,0.2499999944120645,0.2299999948590994,m3/s,NWM
20,1979-02-21 12:00:00,0.2399999946355819,0.2299999948590994,m3/s,NWM
21,1979-02-22 12:00:00,0.2299999948590994,0.2299999948590994,m3/s,NWM
22,1979-02-23 12:00:00,0.2199999950826168,0.2299999948590994,m3/s,NWM
23,1979-02-24 12:00:00,0.2099999953061342,0.2299999948590994,m3/s,NWM
24,1979-02-25 12:00:00,0.1999999955296516,0.2299999948590994,m3/s,NWM
25,1979-02-26 12:00:00,0.189999995753169,0.2299999948590994,m3/s,NWM
26,1979-02-27 12:00:00,0.189999995753169,0.2299999948590994,m3/s,NWM
27,1979-02-28 12:00:00,0.189999995753169,0.2299999948590994,m3/s,NWM
28,1979-03-01 12:00:00,0.2099999953061342,0.2299999948590994,m3/s,NWM
29,1979-03-02 12:00:00,0.2699999939650297,0.2299999948590994,m3/s,NWM
30,1979-03-03 12:00:00,0.3699999917298555,0.2299999948590994,m3/s,NWM
31,1979-03-04 12:00:00,0.4499999899417162,0.2299999948590994,m3/s,NWM
32,1979-03-05 12:00:00,0.4699999894946813,0.2499999944120645,m3/s,NWM
33,1979-03-06 12:00:00,0.4599999897181988,0.2499999944120645,m3/s,NWM
34,1979-03-07 12:00:00,0.4199999906122684,0.2499999944120645,m3/s,NWM
35,1979-03-08 12:00:00,0.3799999915063381,0.2499999944120645,m3/s,NWM
36,1979-03-09 12:00:00,0.3499999921768904,0.2499999944120645,m3/s,NWM
37,1979-03-10 12:00:00,0.30999999307096,0.2499999944120645,m3/s,NWM
38,1979-03-11 12:00:00,0.2799999937415123,0.2499999944120645,m3/s,NWM
39,1979-03-12 12:00:00,0.2499999944120645,0.2499999944120645,m3/s,NWM
40,1979-03-13 12:00:00,0.2199999950826168,0.2499999944120645,m3/s,NWM
41,1979-03-14 12:00:00,0.1999999955296516,0.2499999944120645,m3/s,NWM
42,1979-03-15 12:00:00,0.1799999959766864,0.2499999944120645,m3/s,NWM
43,1979-03-16 12:00:00,0.1599999964237213,0.2499999944120645,m3/s,NWM
44,1979-03-17 12:00:00,0.1499999966472387,0.2499999944120645,m3/s,NWM
45,1979-03-18 12:00:00,0.1299999970942735,0.2499999944120645,m3/s,NWM
46,1979-03-19 12:00:00,0.1299999970942735,0.2499999944120645,m3/s,NWM
47,1979-03-20 12:00:00,0.1199999973177909,0.2499999944120645,m3/s,NWM
48,1979-03-21 12:00:00,0.1099999975413084,0.2499999944120645,m3/s,NWM
49,1979-03-22 12:00:00,0.0999999977648258,0.2499999944120645,m3/s,NWM
50,1979-03-23 12:00:00,0.0999999977648258,0.2499999944120645,m3/s,NWM
51,1979-03-24 12:00:00,0.0899999979883432,0.2499999944120645,m3/s,NWM
52,1979-03-25 12:00:00,0.0799999982118606,0.2499999944120645,m3/s,NWM
53,1979-03-26 12:00:00,0.0799999982118606,0.2499999944120645,m3/s,NWM
54,1979-03-27 12:00:00,0.069999998435378,0.2499999944120645,m3/s,NWM
55,1979-03-28 12:00:00,0.0599999986588954,0.2499999944120645,m3/s,NWM
56,1979-03-29 12:00:00,0.0599999986588954,0.2499999944120645,m3/s,NWM
57,1979-03-30 12:00:00,0.0499999988824129,0.2499999944120645,m3/s,NWM
58,1979-03-31 12:00:00,0.0499999988824129,0.2499999944120645,m3/s,NWM
59,1979-04-01 12:00:00,0.0499999988824129,0.2499999944120645,m3/s,NWM
60,1979-04-02 12:00:00,0.0399999991059303,0.2499999944120645,m3/s,NWM
61,1979-04-03 12:00:00,0.0399999991059303,0.2499999944120645,m3/s,NWM
62,1979-04-04 12:00:00,0.0399999991059303,0.2499999944120645,m3/s,NWM
63,1979-04-05 12:00:00,0.0299999993294477,0.2499999944120645,m3/s,NWM
64,1979-04-06 12:00:00,0.0299999993294477,0.2499999944120645,m3/s,NWM
65,1979-04-07 12:00:00,0.0299999993294477,0.2499999944120645,m3/s,NWM
66,1979-04-08 12:00:00,0.0299999993294477,0.2499999944120645,m3/s,NWM
67,1979-04-09 12:00:00,0.0299999993294477,0.2499999944120645,m3/s,NWM
68,1979-04-10 12:00:00,0.0299999993294477,0.2499999944120645,m3/s,NWM
69,1979-04-11 12:00:00,0.0299999993294477,0.2499999944120645,m3/s,NWM
70,1979-04-12 12:00:00,0.0199999995529651,0.2499999944120645,m3/s,NWM
71,1979-04-13 12:00:00,0.0199999995529651,0.2499999944120645,m3/s,NWM
72,1979-04-14 12:00:00,0.0199999995529651,0.2499999944120645,m3/s,NWM
73,1979-04-15 12:00:00,0.0199999995529651,0.2499999944120645,m3/s,NWM
74,1979-04-16 12:00:00,0.0199999995529651,0.2499999944120645,m3/s,NWM
75,1979-04-17 12:00:00,0.0199999995529651,0.2499999944120645,m3/s,NWM
76,1979-04-18 12:00:00,0.0199999995529651,0.2499999944120645,m3/s,NWM
77,1979-04-19 12:00:00,0.0199999995529651,0.2499999944120645,m3/s,NWM
78,1979-04-20 12:00:00,0.0199999995529651,0.2499999944120645,m3/s,NWM
79,1979-04-21 12:00:00,0.0199999995529651,0.2499999944120645,m3/s,NWM
80,1979-04-22 12:00:00,0.0199999995529651,0.2499999944120645,m3/s,NWM
81,1979-04-23 12:00:00,0.0199999995529651,0.2499999944120645,m3/s,NWM
82,1979-04-24 12:00:00,0.0199999995529651,0.2499999944120645,m3/s,NWM
83,1979-04-25 12:00:00,0.0199999995529651,0.2499999944120645,m3/s,NWM
84,1979-04-26 12:00:00,0.0199999995529651,0.2499999944120645,m3/s,NWM
85,1979-04-27 12:00:00,0.0199999995529651,0.2499999944120645,m3/s,NWM
86,1979-04-28 12:00:00,0.0199999995529651,0.2499999944120645,m3/s,NWM
87,1979-04-29 12:00:00,0.0199999995529651,0.2499999944120645,m3/s,NWM
88,1979-04-30 12:00:00,0.0199999995529651,0.2499999944120645,m3/s,NWM
89,1979-05-01 12:00:00,0.0199999995529651,0.2499999944120645,m3/s,NWM
90,1979-05-02 12:00:00,0.0199999995529651,0.2499999944120645,m3/s,NWM
91,1979-05-03 12:00:00,0.0199999995529651,0.2499999944120645,m3/s,NWM
92,1979-05-04 12:00:00,0.0199999995529651,0.2499999944120645,m3/s,NWM
93,1979-05-05 12:00:00,0.0199999995529651,0.2499999944120645,m3/s,NWM
94,1979-05-06 12:00:00,0.0199999995529651,0.2499999944120645,m3/s,NWM
95,1979-05-07 12:00:00,0.0199999995529651,0.2499999944120645,m3/s,NWM
96,1979-05-08 12:00:00,0.0199999995529651,0.2399999946355819,m3/s,NWM
97,1979-05-09 12:00:00,0.0199999995529651,0.2399999946355819,m3/s,NWM
98,1979-05-10 12:00:00,0.0199999995529651,0.2399999946355819,m3/s,NWM
99,1979-05-11 12:00:00,0.0199999995529651,0.2399999946355819,m3/s,NWM
100,1979-05-12 12:00:00,0.0199999995529651,0.2399999946355819,m3/s,NWM
101,1979-05-13 12:00:00,0.0199999995529651,0.2399999946355819,m3/s,NWM
102,1979-05-14 12:00:00,0.0199999995529651,0.2399999946355819,m3/s,NWM
103,1979-05-15 12:00:00,0.0199999995529651,0.2399999946355819,m3/s,NWM
104,1979-05-16 12:00:00,0.0099999997764825,0.2399999946355819,m3/s,NWM
105,1979-05-17 12:00:00,0.0099999997764825,0.2399999946355819,m3/s,NWM
106,1979-05-18 12:00:00,0.0099999997764825,0.2399999946355819,m3/s,NWM
107,1979-05-19 12:00:00,0.0099999997764825,0.2399999946355819,m3/s,NWM
108,1979-05-20 12:00:00,0.0099999997764825,0.2399999946355819,m3/s,NWM
109,1979-05-21 12:00:00,0.0099999997764825,0.2399999946355819,m3/s,NWM
110,1979-05-22 12:00:00,0.0099999997764825,0.2399999946355819,m3/s,NWM
111,1979-05-23 12:00:00,0.0099999997764825,0.2399999946355819,m3/s,NWM
112,1979-05-24 12:00:00,0.0099999997764825,0.2399999946355819,m3/s,NWM
113,1979-05-25 12:00:00,0.0099999997764825,0.2399999946355819,m3/s,NWM
114,1979-05-26 12:00:00,0.0099999997764825,0.2399999946355819,m3/s,NWM
115,1979-05-27 12:00:00,0.0099999997764825,0.2399999946355819,m3/s,NWM
116,1979-05-28 12:00:00,0.0099999997764825,0.2399999946355819,m3/s,NWM
117,1979-05-29 12:00:00,0.0099999997764825,0.2399999946355819,m3/s,NWM
118,1979-05-30 12:00:00,0.0099999997764825,0.2399999946355819,m3/s,NWM
119,1979-05-31 12:00:00,0.0099999997764825,0.2399999946355819,m3/s,NWM
120,1979-06-01 12:00:00,0.0099999997764825,0.2399999946355819,m3/s,NWM
121,1979-06-02 12:00:00,0.0099999997764825,0.2399999946355819,m3/s,NWM
122,1979-06-03 12:00:00,0.0099999997764825,0.2399999946355819,m3/s,NWM
123,1979-06-04 12:00:00,0.0099999997764825,0.2399999946355819,m3/s,NWM
124,1979-06-05 12:00:00,0.0099999997764825,0.2399999946355819,m3/s,NWM
125,1979-06-06 12:00:00,0.0099999997764825,0.2399999946355819,m3/s,NWM
126,1979-06-07 12:00:00,0.0099999997764825,0.2399999946355819,m3/s,NWM
127,1979-06-08 12:00:00,0.0099999997764825,0.2399999946355819,m3/s,NWM
128,1979-06-09 12:00:00,0.0099999997764825,0.2399999946355819,m3/s,NWM
129,1979-06-10 12:00:00,0.0099999997764825,0.2399999946355819,m3/s,NWM
130,1979-06-11 12:00:00,0.0099999997764825,0.2399999946355819,m3/s,NWM
131,1979-06-12 12:00:00,0.0099999997764825,0.2399999946355819,m3/s,NWM
132,1979-06-13 12:00:00,0.0099999997764825,0.2399999946355819,m3/s,NWM
133,1979-06-14 12:00:00,0.0099999997764825,0.2399999946355819,m3/s,NWM
134,1979-06-15 12:00:00,0.0099999997764825,0.2399999946355819,m3/s,NWM
135,1979-06-16 12:00:00,0.0099999997764825,0.2399999946355819,m3/s,NWM
136,1979-06-17 12:00:00,0.0099999997764825,0.2399999946355819,m3/s,NWM
137,1979-06-18 12:00:00,0.0099999997764825,0.2399999946355819,m3/s,NWM
138,1979-06-19 12:00:00,0.0099999997764825,0.2399999946355819,m3/s,NWM
139,1979-06-20 12:00:00,0.0099999997764825,0.2399999946355819,m3/s,NWM
140,1979-06-21 12:00:00,0.0099999997764825,0.2399999946355819,m3/s,NWM
141,1979-06-22 12:00:00,0.0099999997764825,0.2399999946355819,m3/s,NWM
142,1979-06-23 12:00:00,0.0099999997764825,0.2399999946355819,m3/s,NWM
143,1979-06-24 12:00:00,0.0099999997764825,0.2399999946355819,m3/s,NWM
144,1979-06-25 12:00:00,0.0099999997764825,0.2399999946355819,m3/s,NWM
145,1979-06-26 12:00:00,0.0099999997764825,0.2399999946355819,m3/s,NWM
146,1979-06-27 12:00:00,0.0099999997764825,0.2399999946355819,m3/s,NWM
147,1979-06-28 12:00:00,0.0099999997764825,0.2399999946355819,m3/s,NWM
148,1979-06-29 12:00:00,0.0099999997764825,0.2399999946355819,m3/s,NWM
149,1979-06-30 12:00:00,0.0099999997764825,0.2399999946355819,m3/s,NWM
150,1979-07-01 12:00:00,0.0099999997764825,0.2399999946355819,m3/s,NWM
151,1979-07-02 12:00:00,0.0099999997764825,0.2399999946355819,m3/s,NWM
152,1979-07-03 12:00:00,0.0099999997764825,0.2399999946355819,m3/s,NWM
153,1979-07-04 12:00:00,0.0099999997764825,0.2399999946355819,m3/s,NWM
154,1979-07-05 12:00:00,0.0099999997764825,0.2399999946355819,m3/s,NWM
155,1979-07-06 12:00:00,0.0099999997764825,0.2399999946355819,m3/s,NWM
156,1979-07-07 12:00:00,0.0099999997764825,0.2399999946355819,m3/s,NWM
157,1979-07-08 12:00:00,0.0099999997764825,0.2399999946355819,m3/s,NWM
158,1979-07-09 12:00:00,0.0099999997764825,0.2399999946355819,m3/s,NWM
159,1979-07-10 12:00:00,0.0099999997764825,0.2299999948590994,m3/s,NWM
160,1979-07-11 12:00:00,0.0099999997764825,0.2299999948590994,m3/s,NWM
161,1979-07-12 12:00:00,0.0099999997764825,0.2299999948590994,m3/s,NWM
162,1979-07-13 12:00:00,0.0099999997764825,0.2299999948590994,m3/s,NWM
163,1979-07-14 12:00:00,0.0099999997764825,0.2299999948590994,m3/s,NWM
164,1979-07-15 12:00:00,0.0099999997764825,0.2299999948590994,m3/s,NWM
165,1979-07-16 12:00:00,0.0099999997764825,0.2299999948590994,m3/s,NWM
166,1979-07-17 12:00:00,0.0099999997764825,0.2299999948590994,m3/s,NWM
167,1979-07-18 12:00:00,0.0099999997764825,0.2299999948590994,m3/s,NWM
168,1979-07-19 12:00:00,0.0099999997764825,0.2299999948590994,m3/s,NWM
169,1979-07-20 12:00:00,0.0099999997764825,0.2299999948590994,m3/s,NWM
170,1979-07-21 12:00:00,0.0099999997764825,0.2299999948590994,m3/s,NWM
171,1979-07-22 12:00:00,0.0099999997764825,0.2299999948590994,m3/s,NWM
172,1979-07-23 12:00:00,0.0799999982118606,0.2299999948590994,m3/s,NWM
173,1979-07-24 12:00:00,0.0399999991059303,0.2299999948590994,m3/s,NWM
174,1979-07-25 12:00:00,0.0199999995529651,0.2299999948590994,m3/s,NWM
175,1979-07-26 12:00:00,0.0099999997764825,0.2299999948590994,m3/s,NWM
176,1979-07-27 12:00:00,0.0099999997764825,0.2299999948590994,m3/s,NWM
177,1979-07-28 12:00:00,0.0099999997764825,0.2299999948590994,m3/s,NWM
178,1979-07-29 12:00:00,0.0099999997764825,0.2299999948590994,m3/s,NWM
179,1979-07-30 12:00:00,0.0099999997764825,0.2299999948590994,m3/s,NWM
180,1979-07-31 12:00:00,0.0099999997764825,0.2299999948590994,m3/s,NWM
181,1979-08-01 12:00:00,0.0099999997764825,0.2299999948590994,m3/s,NWM
182,1979-08-02 12:00:00,0.0099999997764825,0.2299999948590994,m3/s,NWM
183,1979-08-03 12:00:00,0.0099999997764825,0.2299999948590994,m3/s,NWM
184,1979-08-04 12:00:00,0.0099999997764825,0.2299999948590994,m3/s,NWM
185,1979-08-05 12:00:00,0.0099999997764825,0.2299999948590994,m3/s,NWM
186,1979-08-06 12:00:00,0.0099999997764825,0.2299999948590994,m3/s,NWM
187,1979-08-07 12:00:00,0.0099999997764825,0.2299999948590994,m3/s,NWM
188,1979-08-08 12:00:00,0.0099999997764825,0.2299999948590994,m3/s,NWM
189,1979-08-09 12:00:00,0.0099999997764825,0.2299999948590994,m3/s,NWM
190,1979-08-10 12:00:00,0.0099999997764825,0.2299999948590994,m3/s,NWM
191,1979-08-11 12:00:00,0.0099999997764825,0.2299999948590994,m3/s,NWM
192,1979-08-12 12:00:00,0.0099999997764825,0.2299999948590994,m3/s,NWM
193,1979-08-13 12:00:00,0.0099999997764825,0.2299999948590994,m3/s,NWM
194,1979-08-14 12:00:00,0.0099999997764825,0.2299999948590994,m3/s,NWM
195,1979-08-15 12:00:00,0.0099999997764825,0.2299999948590994,m3/s,NWM
196,1979-08-16 12:00:00,0.0099999997764825,0.2299999948590994,m3/s,NWM
197,1979-08-17 12:00:00,0.0099999997764825,0.2299999948590994,m3/s,NWM
198,1979-08-18 12:00:00,0.0099999997764825,0.2299999948590994,m3/s,NWM
199,1979-08-19 12:00:00,0.0099999997764825,0.2299999948590994,m3/s,NWM
200,1979-08-20 12:00:00,0.0099999997764825,0.2299999948590994,m3/s,NWM
201,1979-08-21 12:00:00,0.0099999997764825,0.2299999948590994,m3/s,NWM
202,1979-08-22 12:00:00,0.0099999997764825,0.2299999948590994,m3/s,NWM
203,1979-08-23 12:00:00,0.0099999997764825,0.2299999948590994,m3/s,NWM
204,1979-08-24 12:00:00,0.0099999997764825,0.2299999948590994,m3/s,NWM
205,1979-08-25 12:00:00,0.0099999997764825,0.2299999948590994,m3/s,NWM
206,1979-08-26 12:00:00,0.0099999997764825,0.2299999948590994,m3/s,NWM
207,1979-08-27 12:00:00,0.0099999997764825,0.2299999948590994,m3/s,NWM
208,1979-08-28 12:00:00,0.0099999997764825,0.2299999948590994,m3/s,NWM
209,1979-08-29 12:00:00,0.0099999997764825,0.2299999948590994,m3/s,NWM
210,1979-08-30 12:00:00,0.0099999997764825,0.2299999948590994,m3/s,NWM
211,1979-08-31 12:00:00,0.0099999997764825,0.2299999948590994,m3/s,NWM
212,1979-09-01 12:00:00,0.0099999997764825,0.2299999948590994,m3/s,NWM
213,1979-09-02 12:00:00,0.0099999997764825,0.2299999948590994,m3/s,NWM
214,1979-09-03 12:00:00,0.0099999997764825,0.2299999948590994,m3/s,NWM
215,1979-09-04 12:00:00,0.0099999997764825,0.2299999948590994,m3/s,NWM
216,1979-09-05 12:00:00,0.0099999997764825,0.2299999948590994,m3/s,NWM
217,1979-09-06 12:00:00,0.0099999997764825,0.2299999948590994,m3/s,NWM
218,1979-09-07 12:00:00,0.0099999997764825,0.2299999948590994,m3/s,NWM
219,1979-09-08 12:00:00,0.0099999997764825,0.2299999948590994,m3/s,NWM
220,1979-09-09 12:00:00,0.0099999997764825,0.2299999948590994,m3/s,NWM
221,1979-09-10 12:00:00,0.0099999997764825,0.2299999948590994,m3/s,NWM
222,1979-09-11 12:00:00,0.0099999997764825,0.2299999948590994,m3/s,NWM
223,1979-09-12 12:00:00,0.0099999997764825,0.2299999948590994,m3/s,NWM
224,1979-09-13 12:00:00,0.0099999997764825,0.2299999948590994,m3/s,NWM
225,1979-09-14 12:00:00,0.0099999997764825,0.2299999948590994,m3/s,NWM
226,1979-09-15 12:00:00,0.0099999997764825,0.2299999948590994,m3/s,NWM
227,1979-09-16 12:00:00,0.0099999997764825,0.2299999948590994,m3/s,NWM
228,1979-09-17 12:00:00,0.0099999997764825,0.2299999948590994,m3/s,NWM
229,1979-09-18 12:00:00,0.0099999997764825,0.2299999948590994,m3/s,NWM
230,1979-09-19 12:00:00,0.0099999997764825,0.2299999948590994,m3/s,NWM
231,1979-09-20 12:00:00,0.0099999997764825,0.2299999948590994,m3/s,NWM
232,1979-09-21 12:00:00,0.0099999997764825,0.2299999948590994,m3/s,NWM
233,1979-09-22 12:00:00,0.0099999997764825,0.2299999948590994,m3/s,NWM
234,1979-09-23 12:00:00,0.0099999997764825,0.2299999948590994,m3/s,NWM
235,1979-09-24 12:00:00,0.0099999997764825,0.2299999948590994,m3/s,NWM
236,1979-09-25 12:00:00,0.0099999997764825,0.2299999948590994,m3/s,NWM
237,1979-09-26 12:00:00,0.0099999997764825,0.2299999948590994,m3/s,NWM
238,1979-09-27 12:00:00,0.0099999997764825,0.2299999948590994,m3/s,NWM
239,1979-09-28 12:00:00,0.0099999997764825,0.2299999948590994,m3/s,NWM
240,1979-09-29 12:00:00,0.0099999997764825,0.2299999948590994,m3/s,NWM
241,1979-09-30 12:00:00,0.0099999997764825,0.2299999948590994,m3/s,NWM
242,1979-10-01 12:00:00,0.0099999997764825,0.2299999948590994,m3/s,NWM
243,1979-10-02 12:00:00,0.0099999997764825,0.2299999948590994,m3/s,NWM
244,1979-10-03 12:00:00,0.0099999997764825,0.2299999948590994,m3/s,NWM
245,1979-10-04 12:00:00,0.0099999997764825,0.2299999948590994,m3/s,NWM
246,1979-10-05 12:00:00,0.0099999997764825,0.2299999948590994,m3/s,NWM
247,1979-10-06 12:00:00,0.0099999997764825,0.2299999948590994,m3/s,NWM
248,1979-10-07 12:00:00,0.0099999997764825,0.2299999948590994,m3/s,NWM
249,1979-10-08 12:00:00,0.0099999997764825,0.2299999948590994,m3/s,NWM
250,1979-10-09 12:00:00,0.0099999997764825,0.2299999948590994,m3/s,NWM
251,1979-10-10 12:00:00,0.0099999997764825,0.2299999948590994,m3/s,NWM
252,1979-10-11 12:00:00,0.0099999997764825,0.2299999948590994,m3/s,NWM
253,1979-10-12 12:00:00,0.0099999997764825,0.2299999948590994,m3/s,NWM
254,1979-10-13 12:00:00,0.0099999997764825,0.2299999948590994,m3/s,NWM
255,1979-10-14 12:00:00,0.0099999997764825,0.2299999948590994,m3/s,NWM
256,1979-10-15 12:00:00,0.0099999997764825,0.2299999948590994,m3/s,NWM
257,1979-10-16 12:00:00,0.0099999997764825,0.2299999948590994,m3/s,NWM
258,1979-10-17 12:00:00,0.0099999997764825,0.2299999948590994,m3/s,NWM
259,1979-10-18 12:00:00,0.0099999997764825,0.2299999948590994,m3/s,NWM
260,1979-10-19 12:00:00,0.0099999997764825,0.2299999948590994,m3/s,NWM
261,1979-10-20 12:00:00,0.0099999997764825,0.2299999948590994,m3/s,NWM
262,1979-10-21 12:00:00,0.0099999997764825,0.2299999948590994,m3/s,NWM
263,1979-10-22 12:00:00,0.0099999997764825,0.2299999948590994,m3/s,NWM
264,1979-10-23 12:00:00,0.0099999997764825,0.2299999948590994,m3/s,NWM
265,1979-10-24 12:00:00,0.0099999997764825,0.2299999948590994,m3/s,NWM
266,1979-10-25 12:00:00,0.0099999997764825,0.2299999948590994,m3/s,NWM
267,1979-10-26 12:00:00,0.0099999997764825,0.2299999948590994,m3/s,NWM
268,1979-10-27 12:00:00,0.0199999995529651,0.2299999948590994,m3/s,NWM
269,1979-10-28 12:00:00,0.0199999995529651,0.2299999948590994,m3/s,NWM
270,1979-10-29 12:00:00,0.0199999995529651,0.2299999948590994,m3/s,NWM
271,1979-10-30 12:00:00,0.0199999995529651,0.2299999948590994,m3/s,NWM
272,1979-10-31 12:00:00,0.0199999995529651,0.2299999948590994,m3/s,NWM
273,1979-11-01 12:00:00,0.0199999995529651,0.2299999948590994,m3/s,NWM
274,1979-11-02 12:00:00,0.0199999995529651,0.2299999948590994,m3/s,NWM
275,1979-11-03 12:00:00,0.0199999995529651,0.2299999948590994,m3/s,NWM
276,1979-11-04 12:00:00,0.0199999995529651,0.2299999948590994,m3/s,NWM
277,1979-11-05 12:00:00,0.0199999995529651,0.2299999948590994,m3/s,NWM
278,1979-11-06 12:00:00,0.0099999997764825,0.2299999948590994,m3/s,NWM
279,1979-11-07 12:00:00,0.0099999997764825,0.2299999948590994,m3/s,NWM
280,1979-11-08 12:00:00,0.0099999997764825,0.2299999948590994,m3/s,NWM
281,1979-11-09 12:00:00,0.0099999997764825,0.2299999948590994,m3/s,NWM
282,1979-11-10 12:00:00,0.0099999997764825,0.2299999948590994,m3/s,NWM
283,1979-11-11 12:00:00,0.0099999997764825,0.2299999948590994,m3/s,NWM
284,1979-11-12 12:00:00,0.0099999997764825,0.2299999948590994,m3/s,NWM
285,1979-11-13 12:00:00,0.0099999997764825,0.2299999948590994,m3/s,NWM
286,1979-11-14 12:00:00,0.0099999997764825,0.2299999948590994,m3/s,NWM
287,1979-11-15 12:00:00,0.0099999997764825,0.2299999948590994,m3/s,NWM
288,1979-11-16 12:00:00,0.0099999997764825,0.2299999948590994,m3/s,NWM
289,1979-11-17 12:00:00,0.0099999997764825,0.2299999948590994,m3/s,NWM
290,1979-11-18 12:00:00,0.0099999997764825,0.2299999948590994,m3/s,NWM
291,1979-11-19 12:00:00,0.0099999997764825,0.2299999948590994,m3/s,NWM
292,1979-11-20 12:00:00,0.0099999997764825,0.2299999948590994,m3/s,NWM
293,1979-11-21 12:00:00,0.0099999997764825,0.2299999948590994,m3/s,NWM
294,1979-11-22 12:00:00,0.0099999997764825,0.2299999948590994,m3/s,NWM
295,1979-11-23 12:00:00,0.0099999997764825,0.2299999948590994,m3/s,NWM
296,1979-11-24 12:00:00,0.0099999997764825,0.2299999948590994,m3/s,NWM
297,1979-11-25 12:00:00,0.0099999997764825,0.2299999948590994,m3/s,NWM
298,1979-11-26 12:00:00,0.0099999997764825,0.2299999948590994,m3/s,NWM
299,1979-11-27 12:00:00,0.0099999997764825,0.2299999948590994,m3/s,NWM
300,1979-11-28 12:00:00,0.0099999997764825,0.2299999948590994,m3/s,NWM
301,1979-11-29 12:00:00,0.0099999997764825,0.2299999948590994,m3/s,NWM
302,1979-11-30 12:00:00,0.0099999997764825,0.2299999948590994,m3/s,NWM
303,1979-12-01 12:00:00,0.0099999997764825,0.2299999948590994,m3/s,NWM
304,1979-12-02 12:00:00,0.0099999997764825,0.2299999948590994,m3/s,NWM
305,1979-12-03 12:00:00,0.0099999997764825,0.2299999948590994,m3/s,NWM
306,1979-12-04 12:00:00,0.0,0.2299999948590994,m3/s,NWM
307,1979-12-05 12:00:00,0.0,0.2299999948590994,m3/s,NWM
308,1979-12-06 12:00:00,0.0,0.2299999948590994,m3/s,NWM
309,1979-12-07 12:00:00,0.0,0.2299999948590994,m3/s,NWM
310,1979-12-08 12:00:00,0.0,0.2299999948590994,m3/s,NWM
311,1979-12-09 12:00:00,0.0,0.2299999948590994,m3/s,NWM
312,1979-12-10 12:00:00,0.0,0.2299999948590994,m3/s,NWM
313,1979-12-11 12:00:00,0.0,0.2299999948590994,m3/s,NWM
314,1979-12-12 12:00:00,0.0099999997764825,0.2299999948590994,m3/s,NWM
315,1979-12-13 12:00:00,0.0099999997764825,0.2299999948590994,m3/s,NWM
316,1979-12-14 12:00:00,0.0099999997764825,0.2299999948590994,m3/s,NWM
317,1979-12-15 12:00:00,0.0099999997764825,0.2299999948590994,m3/s,NWM
318,1979-12-16 12:00:00,0.0099999997764825,0.2299999948590994,m3/s,NWM
319,1979-12-17 12:00:00,0.0099999997764825,0.2299999948590994,m3/s,NWM
320,1979-12-18 12:00:00,0.0099999997764825,0.2299999948590994,m3/s,NWM
321,1979-12-19 12:00:00,0.0099999997764825,0.2299999948590994,m3/s,NWM
322,1979-12-20 12:00:00,0.0099999997764825,0.2299999948590994,m3/s,NWM
323,1979-12-21 12:00:00,0.0099999997764825,0.2299999948590994,m3/s,NWM
324,1979-12-22 12:00:00,0.0099999997764825,0.2299999948590994,m3/s,NWM
325,1979-12-23 12:00:00,0.0099999997764825,0.2299999948590994,m3/s,NWM
326,1979-12-24 12:00:00,0.0099999997764825,0.2299999948590994,m3/s,NWM
327,1979-12-25 12:00:00,0.0099999997764825,0.2299999948590994,m3/s,NWM
328,1979-12-26 12:00:00,0.0099999997764825,0.2299999948590994,m3/s,NWM
329,1979-12-27 12:00:00,0.0099999997764825,0.2299999948590994,m3/s,NWM
330,1979-12-28 12:00:00,0.0099999997764825,0.2299999948590994,m3/s,NWM
331,1979-12-29 12:00:00,0.0099999997764825,0.2299999948590994,m3/s,NWM
332,1979-12-30 12:00:00,0.0099999997764825,0.2299999948590994,m3/s,NWM
333,1979-12-31 12:00:00,0.0099999997764825,0.2299999948590994,m3/s,NWM
334,1980-01-01 12:00:00,0.009999999776482582,0.2299999948590994,m3/s,NWM
335,1980-01-02 12:00:00,0.009999999776482582,0.2299999948590994,m3/s,NWM
336,1980-01-03 12:00:00,0.009999999776482582,0.2299999948590994,m3/s,NWM
337,1980-01-04 12:00:00,0.009999999776482582,0.2299999948590994,m3/s,NWM
338,1980-01-05 12:00:00,0.009999999776482582,0.2299999948590994,m3/s,NWM
339,1980-01-06 12:00:00,0.009999999776482582,0.2299999948590994,m3/s,NWM
340,1980-01-07 12:00:00,0.009999999776482582,0.2299999948590994,m3/s,NWM
341,1980-01-08 12:00:00,0.009999999776482582,0.2299999948590994,m3/s,NWM
342,1980-01-09 12:00:00,0.009999999776482582,0.2299999948590994,m3/s,NWM
343,1980-01-10 12:00:00,0.009999999776482582,0.2299999948590994,m3/s,NWM
344,1980-01-11 12:00:00,0.009999999776482582,0.2299999948590994,m3/s,NWM
345,1980-01-12 12:00:00,0.009999999776482582,0.2299999948590994,m3/s,NWM
346,1980-01-13 12:00:00,0.009999999776482582,0.2299999948590994,m3/s,NWM
347,1980-01-14 12:00:00,0.019999999552965164,0.2299999948590994,m3/s,NWM
348,1980-01-15 12:00:00,0.019999999552965164,0.2299999948590994,m3/s,NWM
349,1980-01-16 12:00:00,0.03999999910593033,0.2299999948590994,m3/s,NWM
350,1980-01-17 12:00:00,0.08999999798834324,0.2299999948590994,m3/s,NWM
351,1980-01-18 12:00:00,0.13999999687075615,0.2299999948590994,m3/s,NWM
352,1980-01-19 12:00:00,0.1699999962002039,0.2299999948590994,m3/s,NWM
353,1980-01-20 12:00:00,0.18999999575316906,0.2299999948590994,m3/s,NWM
354,1980-01-21 12:00:00,0.20999999530613422,0.2299999948590994,m3/s,NWM
355,1980-01-22 12:00:00,0.2199999950826168,0.2299999948590994,m3/s,NWM
356,1980-01-23 12:00:00,0.2199999950826168,0.2299999948590994,m3/s,NWM
357,1980-01-24 12:00:00,0.20999999530613422,0.2299999948590994,m3/s,NWM
358,1980-01-25 12:00:00,0.19999999552965164,0.2299999948590994,m3/s,NWM
359,1980-01-26 12:00:00,0.17999999597668648,0.2299999948590994,m3/s,NWM
360,1980-01-27 12:00:00,0.1699999962002039,0.2299999948590994,m3/s,NWM
361,1980-01-28 12:00:00,0.1599999964237213,0.2299999948590994,m3/s,NWM
362,1980-01-29 12:00:00,0.14999999664723873,0.2299999948590994,m3/s,NWM
363,1980-01-30 12:00:00,0.13999999687075615,0.2299999948590994,m3/s,NWM
364,1980-01-31 12:00:00,0.13999999687075615,0.2299999948590994,m3/s,NWM
365,1980-02-01 12:00:00,0.12999999709427357,0.2299999948590994,m3/s,NWM
366,1980-02-02 12:00:00,0.12999999709427357,0.2299999948590994,m3/s,NWM
367,1980-02-03 12:00:00,0.11999999731779099,0.2299999948590994,m3/s,NWM
368,1980-02-04 12:00:00,0.11999999731779099,0.2299999948590994,m3/s,NWM
369,1980-02-05 12:00:00,0.1099999975413084,0.2299999948590994,m3/s,NWM
370,1980-02-06 12:00:00,0.1099999975413084,0.2299999948590994,m3/s,NWM
371,1980-02-07 12:00:00,0.1099999975413084,0.2299999948590994,m3/s,NWM
372,1980-02-08 12:00:00,0.09999999776482582,0.2299999948590994,m3/s,NWM
373,1980-02-09 12:00:00,0.09999999776482582,0.2299999948590994,m3/s,NWM
374,1980-02-10 12:00:00,0.09999999776482582,0.2299999948590994,m3/s,NWM
375,1980-02-11 12:00:00,0.1099999975413084,0.2299999948590994,m3/s,NWM
376,1980-02-12 12:00:00,0.1099999975413084,0.2299999948590994,m3/s,NWM
377,1980-02-13 12:00:00,0.1099999975413084,0.2299999948590994,m3/s,NWM
378,1980-02-14 12:00:00,0.1099999975413084,0.2299999948590994,m3/s,NWM
379,1980-02-15 12:00:00,0.1099999975413084,0.2299999948590994,m3/s,NWM
380,1980-02-16 12:00:00,0.1099999975413084,0.2299999948590994,m3/s,NWM
381,1980-02-17 12:00:00,0.1099999975413084,0.2299999948590994,m3/s,NWM
382,1980-02-18 12:00:00,0.12999999709427357,0.2299999948590994,m3/s,NWM
383,1980-02-19 12:00:00,0.1599999964237213,0.2299999948590994,m3/s,NWM
384,1980-02-20 12:00:00,0.2299999948590994,0.2299999948590994,m3/s,NWM
385,1980-02-21 12:00:00,0.36999999172985554,0.2299999948590994,m3/s,NWM
386,1980-02-22 12:00:00,0.5099999886006117,0.2899999935179949,m3/s,NWM
387,1980-02-23 12:00:00,0.5999999865889549,0.36999999172985554,m3/s,NWM
388,1980-02-24 12:00:00,0.6299999859184027,0.3999999910593033,m3/s,NWM
389,1980-02-25 12:00:00,0.6199999861419201,0.3999999910593033,m3/s,NWM
390,1980-02-26 12:00:00,0.5799999870359898,0.3999999910593033,m3/s,NWM
391,1980-02-27 12:00:00,0.5199999883770943,0.3999999910593033,m3/s,NWM
392,1980-02-28 12:00:00,0.46999998949468136,0.3999999910593033,m3/s,NWM
393,1980-02-29 12:00:00,0.41999999061226845,0.3999999910593033,m3/s,NWM
394,1980-03-01 12:00:00,0.3799999915063381,0.3999999910593033,m3/s,NWM
395,1980-03-02 12:00:00,0.3399999924004078,0.3999999910593033,m3/s,NWM
396,1980-03-03 12:00:00,0.30999999307096004,0.3999999910593033,m3/s,NWM
397,1980-03-04 12:00:00,0.2899999935179949,0.3999999910593033,m3/s,NWM
398,1980-03-05 12:00:00,0.30999999307096004,0.3999999910593033,m3/s,NWM
399,1980-03-06 12:00:00,0.35999999195337296,0.3999999910593033,m3/s,NWM
400,1980-03-07 12:00:00,0.3999999910593033,0.3999999910593033,m3/s,NWM
401,1980-03-08 12:00:00,0.3999999910593033,0.3999999910593033,m3/s,NWM
402,1980-03-09 12:00:00,0.3799999915063381,0.3999999910593033,m3/s,NWM
403,1980-03-10 12:00:00,0.3499999921768904,0.3999999910593033,m3/s,NWM
404,1980-03-11 12:00:00,0.30999999307096004,0.3999999910593033,m3/s,NWM
405,1980-03-12 12:00:00,0.2699999939650297,0.3999999910593033,m3/s,NWM
406,1980-03-13 12:00:00,0.23999999463558197,0.3999999910593033,m3/s,NWM
407,1980-03-14 12:00:00,0.20999999530613422,0.3999999910593033,m3/s,NWM
408,1980-03-15 12:00:00,0.17999999597668648,0.3999999910593033,m3/s,NWM
409,1980-03-16 12:00:00,0.1599999964237213,0.3799999915063381,m3/s,NWM
410,1980-03-17 12:00:00,0.13999999687075615,0.35999999195337296,m3/s,NWM
411,1980-03-18 12:00:00,0.11999999731779099,0.3499999921768904,m3/s,NWM
412,1980-03-19 12:00:00,0.1099999975413084,0.3299999926239252,m3/s,NWM
413,1980-03-20 12:00:00,0.08999999798834324,0.3199999928474426,m3/s,NWM
414,1980-03-21 12:00:00,0.08999999798834324,0.30999999307096004,m3/s,NWM
415,1980-03-22 12:00:00,0.07999999821186066,0.30999999307096004,m3/s,NWM
416,1980-03-23 12:00:00,0.06999999843537807,0.29999999329447746,m3/s,NWM
417,1980-03-24 12:00:00,0.06999999843537807,0.2899999935179949,m3/s,NWM
418,1980-03-25 12:00:00,0.05999999865889549,0.2899999935179949,m3/s,NWM
419,1980-03-26 12:00:00,0.05999999865889549,0.2899999935179949,m3/s,NWM
420,1980-03-27 12:00:00,0.04999999888241291,0.2799999937415123,m3/s,NWM
421,1980-03-28 12:00:00,0.04999999888241291,0.2799999937415123,m3/s,NWM
422,1980-03-29 12:00:00,0.04999999888241291,0.2799999937415123,m3/s,NWM
423,1980-03-30 12:00:00,0.04999999888241291,0.2699999939650297,m3/s,NWM
424,1980-03-31 12:00:00,0.03999999910593033,0.2699999939650297,m3/s,NWM
425,1980-04-01 12:00:00,0.03999999910593033,0.2699999939650297,m3/s,NWM
426,1980-04-02 12:00:00,0.03999999910593033,0.2699999939650297,m3/s,NWM
427,1980-04-03 12:00:00,0.03999999910593033,0.25999999418854713,m3/s,NWM
428,1980-04-04 12:00:00,0.029999999329447746,0.25999999418854713,m3/s,NWM
429,1980-04-05 12:00:00,0.029999999329447746,0.25999999418854713,m3/s,NWM
430,1980-04-06 12:00:00,0.029999999329447746,0.25999999418854713,m3/s,NWM
431,1980-04-07 12:00:00,0.029999999329447746,0.25999999418854713,m3/s,NWM
432,1980-04-08 12:00:00,0.029999999329447746,0.24999999441206455,m3/s,NWM
433,1980-04-09 12:00:00,0.029999999329447746,0.24999999441206455,m3/s,NWM
434,1980-04-10 12:00:00,0.019999999552965164,0.24999999441206455,m3/s,NWM
435,1980-04-11 12:00:00,0.019999999552965164,0.24999999441206455,m3/s,NWM
436,1980-04-12 12:00:00,0.019999999552965164,0.24999999441206455,m3/s,NWM
437,1980-04-13 12:00:00,0.019999999552965164,0.24999999441206455,m3/s,NWM
438,1980-04-14 12:00:00,0.019999999552965164,0.24999999441206455,m3/s,NWM
439,1980-04-15 12:00:00,0.019999999552965164,0.24999999441206455,m3/s,NWM
440,1980-04-16 12:00:00,0.019999999552965164,0.24999999441206455,m3/s,NWM
441,1980-04-17 12:00:00,0.019999999552965164,0.24999999441206455,m3/s,NWM
442,1980-04-18 12:00:00,0.019999999552965164,0.24999999441206455,m3/s,NWM
443,1980-04-19 12:00:00,0.019999999552965164,0.24999999441206455,m3/s,NWM
444,1980-04-20 12:00:00,0.019999999552965164,0.23999999463558197,m3/s,NWM
445,1980-04-21 12:00:00,0.019999999552965164,0.23999999463558197,m3/s,NWM
446,1980-04-22 12:00:00,0.019999999552965164,0.23999999463558197,m3/s,NWM
447,1980-04-23 12:00:00,0.019999999552965164,0.23999999463558197,m3/s,NWM
448,1980-04-24 12:00:00,0.019999999552965164,0.23999999463558197,m3/s,NWM
449,1980-04-25 12:00:00,0.019999999552965164,0.23999999463558197,m3/s,NWM
450,1980-04-26 12:00:00,0.009999999776482582,0.23999999463558197,m3/s,NWM
451,1980-04-27 12:00:00,0.009999999776482582,0.23999999463558197,m3/s,NWM
452,1980-04-28 12:00:00,0.009999999776482582,0.23999999463558197,m3/s,NWM
453,1980-04-29 12:00:00,0.009999999776482582,0.23999999463558197,m3/s,NWM
454,1980-04-30 12:00:00,0.009999999776482582,0.23999999463558197,m3/s,NWM
455,1980-05-01 12:00:00,0.009999999776482582,0.23999999463558197,m3/s,NWM
456,1980-05-02 12:00:00,0.009999999776482582,0.23999999463558197,m3/s,NWM
457,1980-05-03 12:00:00,0.009999999776482582,0.23999999463558197,m3/s,NWM
458,1980-05-04 12:00:00,0.009999999776482582,0.23999999463558197,m3/s,NWM
459,1980-05-05 12:00:00,0.009999999776482582,0.23999999463558197,m3/s,NWM
460,1980-05-06 12:00:00,0.009999999776482582,0.23999999463558197,m3/s,NWM
461,1980-05-07 12:00:00,0.009999999776482582,0.23999999463558197,m3/s,NWM
462,1980-05-08 12:00:00,0.009999999776482582,0.23999999463558197,m3/s,NWM
463,1980-05-09 12:00:00,0.029999999329447746,0.23999999463558197,m3/s,NWM
464,1980-05-10 12:00:00,0.03999999910593033,0.23999999463558197,m3/s,NWM
465,1980-05-11 12:00:00,0.029999999329447746,0.23999999463558197,m3/s,NWM
466,1980-05-12 12:00:00,0.019999999552965164,0.23999999463558197,m3/s,NWM
467,1980-05-13 12:00:00,0.009999999776482582,0.23999999463558197,m3/s,NWM
468,1980-05-14 12:00:00,0.009999999776482582,0.23999999463558197,m3/s,NWM
469,1980-05-15 12:00:00,0.009999999776482582,0.23999999463558197,m3/s,NWM
470,1980-05-16 12:00:00,0.019999999552965164,0.23999999463558197,m3/s,NWM
471,1980-05-17 12:00:00,0.019999999552965164,0.23999999463558197,m3/s,NWM
472,1980-05-18 12:00:00,0.019999999552965164,0.23999999463558197,m3/s,NWM
473,1980-05-19 12:00:00,0.019999999552965164,0.23999999463558197,m3/s,NWM
474,1980-05-20 12:00:00,0.019999999552965164,0.23999999463558197,m3/s,NWM
475,1980-05-21 12:00:00,0.019999999552965164,0.23999999463558197,m3/s,NWM
476,1980-05-22 12:00:00,0.019999999552965164,0.23999999463558197,m3/s,NWM
477,1980-05-23 12:00:00,0.019999999552965164,0.23999999463558197,m3/s,NWM
478,1980-05-24 12:00:00,0.019999999552965164,0.23999999463558197,m3/s,NWM
479,1980-05-25 12:00:00,0.019999999552965164,0.23999999463558197,m3/s,NWM
480,1980-05-26 12:00:00,0.019999999552965164,0.23999999463558197,m3/s,NWM
481,1980-05-27 12:00:00,0.019999999552965164,0.23999999463558197,m3/s,NWM
482,1980-05-28 12:00:00,0.019999999552965164,0.23999999463558197,m3/s,NWM
483,1980-05-29 12:00:00,0.019999999552965164,0.23999999463558197,m3/s,NWM
484,1980-05-30 12:00:00,0.019999999552965164,0.23999999463558197,m3/s,NWM
485,1980-05-31 12:00:00,0.019999999552965164,0.23999999463558197,m3/s,NWM
486,1980-06-01 12:00:00,0.019999999552965164,0.23999999463558197,m3/s,NWM
487,1980-06-02 12:00:00,0.019999999552965164,0.23999999463558197,m3/s,NWM
488,1980-06-03 12:00:00,0.019999999552965164,0.23999999463558197,m3/s,NWM
489,1980-06-04 12:00:00,0.029999999329447746,0.23999999463558197,m3/s,NWM
490,1980-06-05 12:00:00,0.029999999329447746,0.23999999463558197,m3/s,NWM
491,1980-06-06 12:00:00,0.029999999329447746,0.23999999463558197,m3/s,NWM
492,1980-06-07 12:00:00,0.029999999329447746,0.23999999463558197,m3/s,NWM
493,1980-06-08 12:00:00,0.03999999910593033,0.23999999463558197,m3/s,NWM
494,1980-06-09 12:00:00,0.03999999910593033,0.23999999463558197,m3/s,NWM
495,1980-06-10 12:00:00,0.04999999888241291,0.23999999463558197,m3/s,NWM
496,1980-06-11 12:00:00,0.04999999888241291,0.23999999463558197,m3/s,NWM
497,1980-06-12 12:00:00,0.04999999888241291,0.23999999463558197,m3/s,NWM
498,1980-06-13 12:00:00,0.04999999888241291,0.23999999463558197,m3/s,NWM
499,1980-06-14 12:00:00,0.03999999910593033,0.23999999463558197,m3/s,NWM
500,1980-06-15 12:00:00,0.03999999910593033,0.23999999463558197,m3/s,NWM
501,1980-06-16 12:00:00,0.03999999910593033,0.23999999463558197,m3/s,NWM
502,1980-06-17 12:00:00,0.03999999910593033,0.23999999463558197,m3/s,NWM
503,1980-06-18 12:00:00,0.03999999910593033,0.23999999463558197,m3/s,NWM
504,1980-06-19 12:00:00,0.03999999910593033,0.23999999463558197,m3/s,NWM
505,1980-06-20 12:00:00,0.03999999910593033,0.23999999463558197,m3/s,NWM
506,1980-06-21 12:00:00,0.03999999910593033,0.23999999463558197,m3/s,NWM
507,1980-06-22 12:00:00,0.03999999910593033,0.23999999463558197,m3/s,NWM
508,1980-06-23 12:00:00,0.029999999329447746,0.23999999463558197,m3/s,NWM
509,1980-06-24 12:00:00,0.029999999329447746,0.23999999463558197,m3/s,NWM
510,1980-06-25 12:00:00,0.029999999329447746,0.23999999463558197,m3/s,NWM
511,1980-06-26 12:00:00,0.029999999329447746,0.23999999463558197,m3/s,NWM
512,1980-06-27 12:00:00,0.029999999329447746,0.23999999463558197,m3/s,NWM
513,1980-06-28 12:00:00,0.029999999329447746,0.23999999463558197,m3/s,NWM
514,1980-06-29 12:00:00,0.029999999329447746,0.23999999463558197,m3/s,NWM
515,1980-06-30 12:00:00,0.029999999329447746,0.23999999463558197,m3/s,NWM
516,1980-07-01 12:00:00,0.029999999329447746,0.23999999463558197,m3/s,NWM
517,1980-07-02 12:00:00,0.029999999329447746,0.23999999463558197,m3/s,NWM
518,1980-07-03 12:00:00,0.029999999329447746,0.23999999463558197,m3/s,NWM
519,1980-07-04 12:00:00,0.029999999329447746,0.23999999463558197,m3/s,NWM
520,1980-07-05 12:00:00,0.029999999329447746,0.23999999463558197,m3/s,NWM
521,1980-07-06 12:00:00,0.029999999329447746,0.23999999463558197,m3/s,NWM
522,1980-07-07 12:00:00,0.029999999329447746,0.23999999463558197,m3/s,NWM
523,1980-07-08 12:00:00,0.029999999329447746,0.23999999463558197,m3/s,NWM
524,1980-07-09 12:00:00,0.029999999329447746,0.23999999463558197,m3/s,NWM
525,1980-07-10 12:00:00,0.029999999329447746,0.23999999463558197,m3/s,NWM
526,1980-07-11 12:00:00,0.029999999329447746,0.23999999463558197,m3/s,NWM
527,1980-07-12 12:00:00,0.019999999552965164,0.23999999463558197,m3/s,NWM
528,1980-07-13 12:00:00,0.019999999552965164,0.23999999463558197,m3/s,NWM
529,1980-07-14 12:00:00,0.019999999552965164,0.23999999463558197,m3/s,NWM
530,1980-07-15 12:00:00,0.019999999552965164,0.23999999463558197,m3/s,NWM
531,1980-07-16 12:00:00,0.019999999552965164,0.23999999463558197,m3/s,NWM
532,1980-07-17 12:00:00,0.019999999552965164,0.23999999463558197,m3/s,NWM
533,1980-07-18 12:00:00,0.019999999552965164,0.23999999463558197,m3/s,NWM
534,1980-07-19 12:00:00,0.019999999552965164,0.23999999463558197,m3/s,NWM
535,1980-07-20 12:00:00,0.019999999552965164,0.23999999463558197,m3/s,NWM
536,1980-07-21 12:00:00,0.019999999552965164,0.23999999463558197,m3/s,NWM
537,1980-07-22 12:00:00,0.019999999552965164,0.23999999463558197,m3/s,NWM
538,1980-07-23 12:00:00,0.019999999552965164,0.23999999463558197,m3/s,NWM
539,1980-07-24 12:00:00,0.019999999552965164,0.23999999463558197,m3/s,NWM
540,1980-07-25 12:00:00,0.019999999552965164,0.23999999463558197,m3/s,NWM
541,1980-07-26 12:00:00,0.019999999552965164,0.23999999463558197,m3/s,NWM
542,1980-07-27 12:00:00,0.019999999552965164,0.23999999463558197,m3/s,NWM
543,1980-07-28 12:00:00,0.019999999552965164,0.23999999463558197,m3/s,NWM
544,1980-07-29 12:00:00,0.019999999552965164,0.23999999463558197,m3/s,NWM
545,1980-07-30 12:00:00,0.019999999552965164,0.23999999463558197,m3/s,NWM
546,1980-07-31 12:00:00,0.019999999552965164,0.23999999463558197,m3/s,NWM
547,1980-08-01 12:00:00,0.019999999552965164,0.23999999463558197,m3/s,NWM
548,1980-08-02 12:00:00,0.019999999552965164,0.23999999463558197,m3/s,NWM
549,1980-08-03 12:00:00,0.019999999552965164,0.23999999463558197,m3/s,NWM
550,1980-08-04 12:00:00,0.019999999552965164,0.23999999463558197,m3/s,NWM
551,1980-08-05 12:00:00,0.019999999552965164,0.23999999463558197,m3/s,NWM
552,1980-08-06 12:00:00,0.019999999552965164,0.23999999463558197,m3/s,NWM
553,1980-08-07 12:00:00,0.019999999552965164,0.23999999463558197,m3/s,NWM
554,1980-08-08 12:00:00,0.019999999552965164,0.23999999463558197,m3/s,NWM
555,1980-08-09 12:00:00,0.019999999552965164,0.23999999463558197,m3/s,NWM
556,1980-08-10 12:00:00,0.019999999552965164,0.23999999463558197,m3/s,NWM
557,1980-08-11 12:00:00,0.019999999552965164,0.23999999463558197,m3/s,NWM
558,1980-08-12 12:00:00,0.019999999552965164,0.23999999463558197,m3/s,NWM
559,1980-08-13 12:00:00,0.019999999552965164,0.23999999463558197,m3/s,NWM
560,1980-08-14 12:00:00,0.019999999552965164,0.23999999463558197,m3/s,NWM
561,1980-08-15 12:00:00,0.019999999552965164,0.23999999463558197,m3/s,NWM
562,1980-08-16 12:00:00,0.019999999552965164,0.23999999463558197,m3/s,NWM
563,1980-08-17 12:00:00,0.019999999552965164,0.23999999463558197,m3/s,NWM
564,1980-08-18 12:00:00,0.019999999552965164,0.23999999463558197,m3/s,NWM
565,1980-08-19 12:00:00,0.019999999552965164,0.23999999463558197,m3/s,NWM
566,1980-08-20 12:00:00,0.019999999552965164,0.23999999463558197,m3/s,NWM
567,1980-08-21 12:00:00,0.019999999552965164,0.23999999463558197,m3/s,NWM
568,1980-08-22 12:00:00,0.019999999552965164,0.23999999463558197,m3/s,NWM
569,1980-08-23 12:00:00,0.019999999552965164,0.23999999463558197,m3/s,NWM
570,1980-08-24 12:00:00,0.019999999552965164,0.23999999463558197,m3/s,NWM
571,1980-08-25 12:00:00,0.019999999552965164,0.23999999463558197,m3/s,NWM
572,1980-08-26 12:00:00,0.019999999552965164,0.23999999463558197,m3/s,NWM
573,1980-08-27 12:00:00,0.019999999552965164,0.23999999463558197,m3/s,NWM
574,1980-08-28 12:00:00,0.019999999552965164,0.23999999463558197,m3/s,NWM
575,1980-08-29 12:00:00,0.019999999552965164,0.23999999463558197,m3/s,NWM
576,1980-08-30 12:00:00,0.019999999552965164,0.23999999463558197,m3/s,NWM
577,1980-08-31 12:00:00,0.019999999552965164,0.23999999463558197,m3/s,NWM
